order_id,customer_id,product_id,quantity,order_date,order_amount
O01001,C012,P049,2,2026-08-19,26066
O01002,C053,P032,4,2026-08-19,70168
O01003,C052,P004,2,2026-08-19,139428
O01004,C001,P025,3,2026-08-19,87192
O01005,C037,P028,5,2026-08-19,21585
O01006,C020,P013,3,2026-08-19,187488
O01007,C008,P038,5,2026-08-19,270415
O01008,C096,P021,1,2026-08-19,32693
O01009,C075,P031,5,2026-08-19,319120
O01010,C021,P004,5,2026-08-19,348570
O01011,C024,P005,5,2026-08-19,213435
O01012,C087,P016,4,2026-08-19,222644
O01013,C073,P016,5,2026-08-19,278305
O01014,C080,P006,4,2026-08-19,11008
O01015,C041,P017,2,2026-08-19,53130
O01016,C031,P017,4,2026-08-19,106260
O01017,C086,P042,3,2026-08-19,98373
O01018,C041,P049,1,2026-08-19,13033
O01019,C059,P040,5,2026-08-19,40720
O01020,C010,P035,2,2026-08-19,50314
O01021,C034,P009,3,2026-08-19,95313
O01022,C032,P024,3,2026-08-19,91083
O01023,C057,P035,3,2026-08-19,75471
O01024,C002,P043,5,2026-08-19,125655
O01025,C085,P007,2,2026-08-19,95552
O01026,C015,P007,5,2026-08-19,238880
O01027,C035,P019,5,2026-08-19,288110
O01028,C092,P022,2,2026-08-19,17184
O01029,C065,P032,3,2026-08-19,52626
O01030,C012,P041,4,2026-08-19,178692
O01031,C006,P001,3,2026-08-19,200220
O01032,C082,P017,2,2026-08-19,53130
O01033,C071,P046,4,2026-08-19,146836
O01034,C002,P008,1,2026-08-19,31585
O01035,C070,P003,3,2026-08-19,147627
O01036,C019,P028,2,2026-08-19,8634
O01037,C040,P024,1,2026-08-19,30361
O01038,C027,P044,2,2026-08-19,118000
O01039,C046,P050,5,2026-08-19,10670
O01040,C080,P048,2,2026-08-19,116564
O01041,C021,P012,4,2026-08-19,66732
O01042,C023,P048,3,2026-08-19,174846
O01043,C086,P048,2,2026-08-19,116564
O01044,C021,P045,1,2026-08-19,55496
O01045,C005,P031,2,2026-08-19,127648
O01046,C059,P023,3,2026-08-19,8871
O01047,C029,P002,2,2026-08-19,52542
O01048,C043,P018,1,2026-08-19,52496
O01049,C045,P042,5,2026-08-19,163955
O01050,C087,P035,3,2026-08-19,75471
O01051,C015,P017,2,2026-08-19,53130
O01052,C005,P007,5,2026-08-19,238880
O01053,C045,P047,3,2026-08-19,98826
O01054,C078,P033,1,2026-08-19,62153
O01055,C074,P013,3,2026-08-19,187488
O01056,C091,P028,1,2026-08-19,4317
O01057,C069,P044,2,2026-08-19,118000
O01058,C056,P005,3,2026-08-19,128061
O01059,C085,P008,3,2026-08-19,94755
O01060,C040,P043,4,2026-08-19,100524
O01061,C052,P045,3,2026-08-19,166488
O01062,C017,P013,4,2026-08-19,249984
O01063,C087,P048,2,2026-08-19,116564
O01064,C052,P036,1,2026-08-19,12904
O01065,C037,P014,4,2026-08-19,87372
O01066,C060,P029,4,2026-08-19,37948
O01067,C066,P031,2,2026-08-19,127648
O01068,C037,P033,5,2026-08-19,310765
O01069,C012,P049,2,2026-08-19,26066
O01070,C029,P013,2,2026-08-19,124992
O01071,C006,P016,4,2026-08-19,222644
O01072,C059,P027,5,2026-08-19,151035
O01073,C092,P045,4,2026-08-19,221984
O01074,C052,P016,2,2026-08-19,111322
O01075,C097,P050,1,2026-08-19,2134
O01076,C029,P012,5,2026-08-19,83415
O01077,C007,P036,2,2026-08-19,25808
O01078,C059,P009,4,2026-08-19,127084
O01079,C072,P039,3,2026-08-19,21900
O01080,C079,P047,5,2026-08-19,164710
O01081,C071,P029,2,2026-08-19,18974
O01082,C058,P017,2,2026-08-19,53130
O01083,C099,P050,5,2026-08-19,10670
O01084,C081,P016,3,2026-08-19,166983
O01085,C010,P046,3,2026-08-19,110127
O01086,C035,P022,3,2026-08-19,25776
O01087,C011,P009,2,2026-08-19,63542
O01088,C050,P045,2,2026-08-19,110992
O01089,C009,P027,4,2026-08-19,120828
O01090,C070,P030,4,2026-08-19,125580
O01091,C027,P027,4,2026-08-19,120828
O01092,C098,P037,4,2026-08-19,186552
O01093,C001,P023,3,2026-08-19,8871
O01094,C054,P035,5,2026-08-19,125785
O01095,C063,P015,3,2026-08-19,208089
O01096,C063,P002,4,2026-08-19,105084
O01097,C086,P044,4,2026-08-19,236000
O01098,C060,P009,5,2026-08-19,158855
O01099,C004,P026,5,2026-08-19,47525
O01100,C011,P042,4,2026-08-19,131164
O01101,C060,P012,1,2026-08-19,16683
O01102,C049,P021,2,2026-08-19,65386
O01103,C042,P022,4,2026-08-19,34368
O01104,C097,P027,3,2026-08-19,90621
O01105,C061,P002,5,2026-08-19,131355
O01106,C045,P015,1,2026-08-19,69363
O01107,C097,P002,2,2026-08-19,52542
O01108,C003,P040,2,2026-08-19,16288
O01109,C017,P031,1,2026-08-19,63824
O01110,C060,P045,3,2026-08-19,166488
O01111,C022,P039,5,2026-08-19,36500
O01112,C100,P011,3,2026-08-19,191697
O01113,C075,P002,3,2026-08-19,78813
O01114,C051,P046,2,2026-08-19,73418
O01115,C076,P045,2,2026-08-19,110992
O01116,C090,P050,3,2026-08-19,6402
O01117,C073,P003,3,2026-08-19,147627
O01118,C055,P043,3,2026-08-19,75393
O01119,C065,P042,3,2026-08-19,98373
O01120,C054,P032,1,2026-08-19,17542
O01121,C047,P041,4,2026-08-19,178692
O01122,C056,P012,5,2026-08-19,83415
O01123,C079,P035,4,2026-08-19,100628
O01124,C056,P047,5,2026-08-19,164710
O01125,C042,P016,1,2026-08-19,55661
O01126,C058,P016,4,2026-08-19,222644
O01127,C044,P002,4,2026-08-19,105084
O01128,C024,P032,2,2026-08-19,35084
O01129,C034,P022,3,2026-08-19,25776
O01130,C072,P001,5,2026-08-19,333700
O01131,C011,P016,4,2026-08-19,222644
O01132,C072,P049,2,2026-08-19,26066
O01133,C083,P046,4,2026-08-19,146836
O01134,C003,P006,3,2026-08-19,8256
O01135,C052,P045,2,2026-08-19,110992
O01136,C085,P038,3,2026-08-19,162249
O01137,C071,P034,3,2026-08-19,186579
O01138,C096,P036,3,2026-08-19,38712
O01139,C090,P030,3,2026-08-19,94185
O01140,C033,P015,1,2026-08-19,69363
O01141,C041,P008,5,2026-08-19,157925
O01142,C025,P014,4,2026-08-19,87372
O01143,C093,P038,5,2026-08-19,270415
O01144,C013,P013,3,2026-08-19,187488
O01145,C047,P012,3,2026-08-19,50049
O01146,C091,P035,2,2026-08-19,50314
O01147,C006,P004,5,2026-08-19,348570
O01148,C090,P009,4,2026-08-19,127084
O01149,C002,P037,3,2026-08-19,139914
O01150,C062,P029,3,2026-08-19,28461
O01151,C007,P017,4,2026-08-19,106260
O01152,C009,P026,4,2026-08-19,38020
O01153,C074,P041,1,2026-08-19,44673
O01154,C020,P037,3,2026-08-19,139914
O01155,C032,P008,5,2026-08-19,157925
O01156,C078,P039,5,2026-08-19,36500
O01157,C100,P034,4,2026-08-19,248772
O01158,C057,P020,5,2026-08-19,296885
O01159,C040,P037,5,2026-08-19,233190
O01160,C079,P048,1,2026-08-19,58282
O01161,C081,P014,3,2026-08-19,65529
O01162,C021,P016,2,2026-08-19,111322
O01163,C010,P011,1,2026-08-19,63899
O01164,C058,P045,5,2026-08-19,277480
O01165,C038,P003,2,2026-08-19,98418
O01166,C091,P019,4,2026-08-19,230488
O01167,C088,P015,3,2026-08-19,208089
O01168,C055,P008,5,2026-08-19,157925
O01169,C083,P010,3,2026-08-19,31566
O01170,C010,P004,2,2026-08-19,139428
O01171,C077,P048,5,2026-08-19,291410
O01172,C057,P008,4,2026-08-19,126340
O01173,C090,P026,3,2026-08-19,28515
O01174,C070,P032,4,2026-08-19,70168
O01175,C077,P003,4,2026-08-19,196836
O01176,C078,P017,1,2026-08-19,26565
O01177,C030,P044,5,2026-08-19,295000
O01178,C098,P044,3,2026-08-19,177000
O01179,C098,P049,2,2026-08-19,26066
O01180,C067,P042,4,2026-08-19,131164
O01181,C024,P038,4,2026-08-19,216332
O01182,C012,P031,3,2026-08-19,191472
O01183,C043,P021,1,2026-08-19,32693
O01184,C043,P027,4,2026-08-19,120828
O01185,C085,P026,5,2026-08-19,47525
O01186,C059,P006,3,2026-08-19,8256
O01187,C042,P008,4,2026-08-19,126340
O01188,C001,P043,5,2026-08-19,125655
O01189,C053,P004,2,2026-08-19,139428
O01190,C047,P040,4,2026-08-19,32576
O01191,C098,P004,2,2026-08-19,139428
O01192,C071,P009,3,2026-08-19,95313
O01193,C090,P032,1,2026-08-19,17542
O01194,C081,P039,2,2026-08-19,14600
O01195,C040,P036,1,2026-08-19,12904
O01196,C053,P006,2,2026-08-19,5504
O01197,C060,P008,2,2026-08-19,63170
O01198,C092,P019,5,2026-08-19,288110
O01199,C054,P031,4,2026-08-19,255296
O01200,C059,P036,2,2026-08-19,25808
O01201,C025,P039,5,2026-08-19,36500
O01202,C009,P018,4,2026-08-19,209984
O01203,C065,P018,1,2026-08-19,52496
O01204,C093,P020,5,2026-08-19,296885
O01205,C020,P029,5,2026-08-19,47435
O01206,C045,P022,5,2026-08-19,42960
O01207,C049,P030,3,2026-08-19,94185
O01208,C090,P016,5,2026-08-19,278305
O01209,C030,P050,4,2026-08-19,8536
O01210,C041,P048,4,2026-08-19,233128
O01211,C050,P043,2,2026-08-19,50262
O01212,C005,P009,5,2026-08-19,158855
O01213,C013,P029,1,2026-08-19,9487
O01214,C059,P001,2,2026-08-19,133480
O01215,C084,P010,1,2026-08-19,10522
O01216,C034,P022,5,2026-08-19,42960
O01217,C084,P006,3,2026-08-19,8256
O01218,C049,P021,4,2026-08-19,130772
O01219,C005,P040,1,2026-08-19,8144
O01220,C081,P044,3,2026-08-19,177000
O01221,C096,P006,4,2026-08-19,11008
O01222,C098,P041,1,2026-08-19,44673
O01223,C022,P045,3,2026-08-19,166488
O01224,C006,P021,1,2026-08-19,32693
O01225,C046,P024,4,2026-08-19,121444
O01226,C032,P034,4,2026-08-19,248772
O01227,C022,P012,1,2026-08-19,16683
O01228,C080,P044,2,2026-08-19,118000
O01229,C075,P010,2,2026-08-19,21044
O01230,C082,P017,4,2026-08-19,106260
O01231,C086,P001,4,2026-08-19,266960
O01232,C087,P035,2,2026-08-19,50314
O01233,C057,P023,5,2026-08-19,14785
O01234,C082,P028,3,2026-08-19,12951
O01235,C039,P013,4,2026-08-19,249984
O01236,C014,P016,4,2026-08-19,222644
O01237,C074,P019,3,2026-08-19,172866
O01238,C085,P026,3,2026-08-19,28515
O01239,C073,P044,1,2026-08-19,59000
O01240,C037,P050,2,2026-08-19,4268
O01241,C029,P041,2,2026-08-19,89346
O01242,C087,P049,2,2026-08-19,26066
O01243,C081,P042,1,2026-08-19,32791
O01244,C057,P003,5,2026-08-19,246045
O01245,C094,P009,1,2026-08-19,31771
O01246,C042,P048,4,2026-08-19,233128
O01247,C026,P009,5,2026-08-19,158855
O01248,C068,P033,3,2026-08-19,186459
O01249,C033,P031,3,2026-08-19,191472
O01250,C015,P030,1,2026-08-19,31395
O01251,C097,P015,4,2026-08-19,277452
O01252,C047,P006,4,2026-08-19,11008
O01253,C034,P035,1,2026-08-19,25157
O01254,C048,P044,3,2026-08-19,177000
O01255,C082,P024,1,2026-08-19,30361
O01256,C061,P002,5,2026-08-19,131355
O01257,C042,P040,2,2026-08-19,16288
O01258,C082,P030,3,2026-08-19,94185
O01259,C015,P009,1,2026-08-19,31771
O01260,C039,P032,1,2026-08-19,17542
O01261,C031,P035,2,2026-08-19,50314
O01262,C059,P024,5,2026-08-19,151805
O01263,C076,P048,2,2026-08-19,116564
O01264,C084,P007,4,2026-08-19,191104
O01265,C036,P003,3,2026-08-19,147627
O01266,C057,P029,2,2026-08-19,18974
O01267,C013,P044,3,2026-08-19,177000
O01268,C083,P023,1,2026-08-19,2957
O01269,C036,P013,1,2026-08-19,62496
O01270,C012,P043,2,2026-08-19,50262
O01271,C007,P022,2,2026-08-19,17184
O01272,C073,P014,1,2026-08-19,21843
O01273,C027,P038,2,2026-08-19,108166
O01274,C043,P050,2,2026-08-19,4268
O01275,C036,P010,2,2026-08-19,21044
O01276,C033,P012,1,2026-08-19,16683
O01277,C017,P001,3,2026-08-19,200220
O01278,C076,P021,1,2026-08-19,32693
O01279,C034,P004,2,2026-08-19,139428
O01280,C068,P008,1,2026-08-19,31585
O01281,C058,P050,3,2026-08-19,6402
O01282,C076,P007,4,2026-08-19,191104
O01283,C029,P040,1,2026-08-19,8144
O01284,C039,P030,1,2026-08-19,31395
O01285,C062,P026,4,2026-08-19,38020
O01286,C063,P046,4,2026-08-19,146836
O01287,C011,P021,5,2026-08-19,163465
O01288,C009,P009,3,2026-08-19,95313
O01289,C092,P021,4,2026-08-19,130772
O01290,C038,P030,5,2026-08-19,156975
O01291,C013,P045,1,2026-08-19,55496
O01292,C093,P014,4,2026-08-19,87372
O01293,C030,P027,3,2026-08-19,90621
O01294,C052,P027,1,2026-08-19,30207
O01295,C055,P021,3,2026-08-19,98079
O01296,C020,P044,4,2026-08-19,236000
O01297,C012,P006,1,2026-08-19,2752
O01298,C013,P048,3,2026-08-19,174846
O01299,C072,P004,5,2026-08-19,348570
O01300,C072,P022,1,2026-08-19,8592
O01301,C046,P043,4,2026-08-19,100524
O01302,C037,P039,3,2026-08-19,21900
O01303,C014,P037,5,2026-08-19,233190
O01304,C020,P043,4,2026-08-19,100524
O01305,C014,P023,5,2026-08-19,14785
O01306,C015,P049,3,2026-08-19,39099
O01307,C055,P036,5,2026-08-19,64520
O01308,C004,P039,3,2026-08-19,21900
O01309,C024,P018,3,2026-08-19,157488
O01310,C045,P001,2,2026-08-19,133480
O01311,C073,P043,4,2026-08-19,100524
O01312,C019,P048,1,2026-08-19,58282
O01313,C096,P034,2,2026-08-19,124386
O01314,C054,P030,3,2026-08-19,94185
O01315,C048,P020,3,2026-08-19,178131
O01316,C007,P010,2,2026-08-19,21044
O01317,C087,P006,3,2026-08-19,8256
O01318,C085,P028,4,2026-08-19,17268
O01319,C054,P018,2,2026-08-19,104992
O01320,C015,P023,4,2026-08-19,11828
O01321,C037,P044,5,2026-08-19,295000
O01322,C068,P043,3,2026-08-19,75393
O01323,C029,P026,5,2026-08-19,47525
O01324,C001,P014,3,2026-08-19,65529
O01325,C099,P009,3,2026-08-19,95313
O01326,C042,P008,1,2026-08-19,31585
O01327,C096,P028,2,2026-08-19,8634
O01328,C049,P035,2,2026-08-19,50314
O01329,C072,P043,3,2026-08-19,75393
O01330,C051,P048,1,2026-08-19,58282
O01331,C003,P030,1,2026-08-19,31395
O01332,C074,P028,5,2026-08-19,21585
O01333,C091,P041,4,2026-08-19,178692
O01334,C015,P026,1,2026-08-19,9505
O01335,C022,P040,4,2026-08-19,32576
O01336,C012,P028,1,2026-08-19,4317
O01337,C056,P038,4,2026-08-19,216332
O01338,C011,P026,3,2026-08-19,28515
O01339,C029,P022,2,2026-08-19,17184
O01340,C066,P041,1,2026-08-19,44673
O01341,C066,P013,3,2026-08-19,187488
O01342,C094,P042,2,2026-08-19,65582
O01343,C014,P010,3,2026-08-19,31566
O01344,C023,P039,2,2026-08-19,14600
O01345,C023,P050,4,2026-08-19,8536
O01346,C097,P037,5,2026-08-19,233190
O01347,C088,P037,5,2026-08-19,233190
O01348,C081,P021,2,2026-08-19,65386
O01349,C009,P031,4,2026-08-19,255296
O01350,C036,P038,1,2026-08-19,54083
O01351,C065,P005,3,2026-08-19,128061
O01352,C058,P003,1,2026-08-19,49209
O01353,C037,P005,1,2026-08-19,42687
O01354,C050,P030,5,2026-08-19,156975
O01355,C095,P003,4,2026-08-19,196836
O01356,C042,P039,4,2026-08-19,29200
O01357,C020,P004,4,2026-08-19,278856
O01358,C044,P046,1,2026-08-19,36709
O01359,C083,P012,1,2026-08-19,16683
O01360,C091,P029,4,2026-08-19,37948
O01361,C067,P040,2,2026-08-19,16288
O01362,C048,P019,4,2026-08-19,230488
O01363,C100,P022,5,2026-08-19,42960
O01364,C081,P042,3,2026-08-19,98373
O01365,C043,P007,5,2026-08-19,238880
O01366,C037,P017,5,2026-08-19,132825
O01367,C043,P006,5,2026-08-19,13760
O01368,C045,P020,4,2026-08-19,237508
O01369,C077,P046,1,2026-08-19,36709
O01370,C072,P025,3,2026-08-19,87192
O01371,C086,P045,5,2026-08-19,277480
O01372,C083,P043,4,2026-08-19,100524
O01373,C047,P002,3,2026-08-19,78813
O01374,C024,P014,3,2026-08-19,65529
O01375,C025,P015,2,2026-08-19,138726
O01376,C010,P019,1,2026-08-19,57622
O01377,C099,P035,5,2026-08-19,125785
O01378,C085,P022,5,2026-08-19,42960
O01379,C077,P025,2,2026-08-19,58128
O01380,C024,P045,5,2026-08-19,277480
O01381,C093,P029,1,2026-08-19,9487
O01382,C047,P044,2,2026-08-19,118000
O01383,C079,P019,4,2026-08-19,230488
O01384,C069,P016,3,2026-08-19,166983
O01385,C025,P024,5,2026-08-19,151805
O01386,C060,P050,3,2026-08-19,6402
O01387,C065,P034,4,2026-08-19,248772
O01388,C026,P039,2,2026-08-19,14600
O01389,C007,P042,4,2026-08-19,131164
O01390,C071,P007,5,2026-08-19,238880
O01391,C037,P006,2,2026-08-19,5504
O01392,C058,P033,2,2026-08-19,124306
O01393,C012,P015,4,2026-08-19,277452
O01394,C004,P027,1,2026-08-19,30207
O01395,C065,P024,2,2026-08-19,60722
O01396,C011,P024,2,2026-08-19,60722
O01397,C041,P007,3,2026-08-19,143328
O01398,C018,P003,3,2026-08-19,147627
O01399,C090,P009,4,2026-08-19,127084
O01400,C079,P001,1,2026-08-19,66740
O01401,C033,P014,2,2026-08-19,43686
O01402,C094,P039,5,2026-08-19,36500
O01403,C015,P050,3,2026-08-19,6402
O01404,C039,P008,1,2026-08-19,31585
O01405,C054,P041,5,2026-08-19,223365
O01406,C009,P008,4,2026-08-19,126340
O01407,C003,P041,5,2026-08-19,223365
O01408,C092,P010,3,2026-08-19,31566
O01409,C001,P040,3,2026-08-19,24432
O01410,C074,P027,2,2026-08-19,60414
O01411,C068,P024,1,2026-08-19,30361
O01412,C070,P033,5,2026-08-19,310765
O01413,C003,P025,4,2026-08-19,116256
O01414,C082,P025,3,2026-08-19,87192
O01415,C096,P002,3,2026-08-19,78813
O01416,C045,P016,1,2026-08-19,55661
O01417,C018,P003,3,2026-08-19,147627
O01418,C044,P042,2,2026-08-19,65582
O01419,C090,P031,2,2026-08-19,127648
O01420,C009,P046,4,2026-08-19,146836
O01421,C038,P013,1,2026-08-19,62496
O01422,C006,P021,3,2026-08-19,98079
O01423,C051,P035,4,2026-08-19,100628
O01424,C005,P049,2,2026-08-19,26066
O01425,C046,P050,1,2026-08-19,2134
O01426,C035,P008,3,2026-08-19,94755
O01427,C052,P048,4,2026-08-19,233128
O01428,C044,P012,4,2026-08-19,66732
O01429,C048,P034,3,2026-08-19,186579
O01430,C094,P028,1,2026-08-19,4317
O01431,C078,P012,5,2026-08-19,83415
O01432,C042,P007,1,2026-08-19,47776
O01433,C085,P019,3,2026-08-19,172866
O01434,C078,P046,4,2026-08-19,146836
O01435,C089,P029,3,2026-08-19,28461
O01436,C006,P047,3,2026-08-19,98826
O01437,C036,P041,1,2026-08-19,44673
O01438,C086,P041,4,2026-08-19,178692
O01439,C066,P048,2,2026-08-19,116564
O01440,C019,P039,4,2026-08-19,29200
O01441,C017,P005,2,2026-08-19,85374
O01442,C047,P025,5,2026-08-19,145320
O01443,C078,P010,4,2026-08-19,42088
O01444,C048,P029,1,2026-08-19,9487
O01445,C068,P024,4,2026-08-19,121444
O01446,C084,P018,2,2026-08-19,104992
O01447,C004,P048,2,2026-08-19,116564
O01448,C067,P025,5,2026-08-19,145320
O01449,C034,P050,3,2026-08-19,6402
O01450,C028,P040,3,2026-08-19,24432
O01451,C026,P008,2,2026-08-19,63170
O01452,C058,P012,4,2026-08-19,66732
O01453,C088,P021,3,2026-08-19,98079
O01454,C071,P035,3,2026-08-19,75471
O01455,C021,P046,2,2026-08-19,73418
O01456,C066,P015,1,2026-08-19,69363
O01457,C018,P016,4,2026-08-19,222644
O01458,C047,P036,5,2026-08-19,64520
O01459,C060,P036,2,2026-08-19,25808
O01460,C009,P020,4,2026-08-19,237508
O01461,C068,P027,4,2026-08-19,120828
O01462,C017,P021,1,2026-08-19,32693
O01463,C060,P044,5,2026-08-19,295000
O01464,C017,P050,5,2026-08-19,10670
O01465,C099,P009,4,2026-08-19,127084
O01466,C008,P008,5,2026-08-19,157925
O01467,C039,P011,2,2026-08-19,127798
O01468,C091,P015,3,2026-08-19,208089
O01469,C037,P006,3,2026-08-19,8256
O01470,C082,P036,3,2026-08-19,38712
O01471,C081,P020,5,2026-08-19,296885
O01472,C012,P033,2,2026-08-19,124306
O01473,C022,P043,5,2026-08-19,125655
O01474,C073,P003,1,2026-08-19,49209
O01475,C006,P042,5,2026-08-19,163955
O01476,C084,P014,5,2026-08-19,109215
O01477,C080,P041,1,2026-08-19,44673
O01478,C081,P035,3,2026-08-19,75471
O01479,C062,P016,4,2026-08-19,222644
O01480,C059,P005,1,2026-08-19,42687
O01481,C057,P027,4,2026-08-19,120828
O01482,C027,P022,5,2026-08-19,42960
O01483,C041,P046,3,2026-08-19,110127
O01484,C052,P009,3,2026-08-19,95313
O01485,C072,P007,3,2026-08-19,143328
O01486,C060,P008,3,2026-08-19,94755
O01487,C032,P010,1,2026-08-19,10522
O01488,C038,P025,5,2026-08-19,145320
O01489,C032,P011,3,2026-08-19,191697
O01490,C025,P049,2,2026-08-19,26066
O01491,C066,P030,4,2026-08-19,125580
O01492,C064,P002,1,2026-08-19,26271
O01493,C065,P030,2,2026-08-19,62790
O01494,C075,P023,1,2026-08-19,2957
O01495,C037,P032,5,2026-08-19,87710
O01496,C037,P035,1,2026-08-19,25157
O01497,C056,P009,3,2026-08-19,95313
O01498,C098,P026,3,2026-08-19,28515
O01499,C052,P004,5,2026-08-19,348570
O01500,C025,P024,5,2026-08-19,151805
O01501,C010,P025,5,2026-08-19,145320
O01502,C098,P036,3,2026-08-19,38712
O01503,C017,P007,4,2026-08-19,191104
O01504,C044,P036,3,2026-08-19,38712
O01505,C026,P039,5,2026-08-19,36500
O01506,C065,P003,1,2026-08-19,49209
O01507,C018,P046,3,2026-08-19,110127
O01508,C067,P030,2,2026-08-19,62790
O01509,C018,P021,5,2026-08-19,163465
O01510,C021,P026,5,2026-08-19,47525
O01511,C076,P022,5,2026-08-19,42960
O01512,C069,P032,5,2026-08-19,87710
O01513,C061,P002,3,2026-08-19,78813
O01514,C087,P008,4,2026-08-19,126340
O01515,C093,P045,1,2026-08-19,55496
O01516,C034,P042,5,2026-08-19,163955
O01517,C093,P004,5,2026-08-19,348570
O01518,C022,P034,5,2026-08-19,310965
O01519,C019,P044,2,2026-08-19,118000
O01520,C074,P045,1,2026-08-19,55496
O01521,C003,P029,3,2026-08-19,28461
O01522,C020,P027,2,2026-08-19,60414
O01523,C065,P050,5,2026-08-19,10670
O01524,C095,P047,1,2026-08-19,32942
O01525,C067,P014,5,2026-08-19,109215
O01526,C085,P031,5,2026-08-19,319120
O01527,C041,P012,4,2026-08-19,66732
O01528,C044,P035,3,2026-08-19,75471
O01529,C079,P031,2,2026-08-19,127648
O01530,C036,P036,3,2026-08-19,38712
O01531,C039,P050,3,2026-08-19,6402
O01532,C089,P046,4,2026-08-19,146836
O01533,C062,P023,5,2026-08-19,14785
O01534,C037,P008,5,2026-08-19,157925
O01535,C049,P026,3,2026-08-19,28515
O01536,C038,P003,3,2026-08-19,147627
O01537,C045,P029,3,2026-08-19,28461
O01538,C028,P013,5,2026-08-19,312480
O01539,C072,P045,3,2026-08-19,166488
O01540,C014,P040,5,2026-08-19,40720
O01541,C032,P004,5,2026-08-19,348570
O01542,C082,P015,1,2026-08-19,69363
O01543,C053,P022,4,2026-08-19,34368
O01544,C088,P050,2,2026-08-19,4268
O01545,C071,P011,4,2026-08-19,255596
O01546,C062,P042,2,2026-08-19,65582
O01547,C042,P019,1,2026-08-19,57622
O01548,C084,P037,2,2026-08-19,93276
O01549,C095,P047,1,2026-08-19,32942
O01550,C054,P012,1,2026-08-19,16683
O01551,C064,P012,3,2026-08-19,50049
O01552,C002,P020,5,2026-08-19,296885
O01553,C043,P019,4,2026-08-19,230488
O01554,C068,P032,2,2026-08-19,35084
O01555,C060,P018,2,2026-08-19,104992
O01556,C043,P011,4,2026-08-19,255596
O01557,C092,P012,1,2026-08-19,16683
O01558,C038,P037,2,2026-08-19,93276
O01559,C079,P041,4,2026-08-19,178692
O01560,C066,P021,1,2026-08-19,32693
O01561,C086,P007,2,2026-08-19,95552
O01562,C062,P021,2,2026-08-19,65386
O01563,C034,P025,2,2026-08-19,58128
O01564,C097,P018,3,2026-08-19,157488
O01565,C075,P047,5,2026-08-19,164710
O01566,C034,P042,3,2026-08-19,98373
O01567,C008,P043,1,2026-08-19,25131
O01568,C040,P011,4,2026-08-19,255596
O01569,C091,P050,3,2026-08-19,6402
O01570,C082,P019,3,2026-08-19,172866
O01571,C029,P009,4,2026-08-19,127084
O01572,C059,P048,5,2026-08-19,291410
O01573,C054,P045,5,2026-08-19,277480
O01574,C097,P035,2,2026-08-19,50314
O01575,C088,P049,5,2026-08-19,65165
O01576,C068,P029,5,2026-08-19,47435
O01577,C010,P037,1,2026-08-19,46638
O01578,C071,P033,2,2026-08-19,124306
O01579,C020,P011,3,2026-08-19,191697
O01580,C057,P008,2,2026-08-19,63170
O01581,C012,P033,4,2026-08-19,248612
O01582,C059,P009,5,2026-08-19,158855
O01583,C059,P037,1,2026-08-19,46638
O01584,C060,P044,3,2026-08-19,177000
O01585,C051,P017,1,2026-08-19,26565
O01586,C075,P005,1,2026-08-19,42687
O01587,C045,P045,1,2026-08-19,55496
O01588,C008,P005,4,2026-08-19,170748
O01589,C037,P027,2,2026-08-19,60414
O01590,C099,P042,4,2026-08-19,131164
O01591,C049,P029,4,2026-08-19,37948
O01592,C011,P044,5,2026-08-19,295000
O01593,C084,P023,1,2026-08-19,2957
O01594,C069,P026,5,2026-08-19,47525
O01595,C094,P015,1,2026-08-19,69363
O01596,C039,P030,5,2026-08-19,156975
O01597,C069,P025,2,2026-08-19,58128
O01598,C059,P023,2,2026-08-19,5914
O01599,C025,P047,1,2026-08-19,32942
O01600,C085,P027,5,2026-08-19,151035
O01601,C031,P014,1,2026-08-19,21843
O01602,C077,P003,4,2026-08-19,196836
O01603,C032,P048,1,2026-08-19,58282
O01604,C057,P015,5,2026-08-19,346815
O01605,C097,P050,1,2026-08-19,2134
O01606,C065,P019,2,2026-08-19,115244
O01607,C074,P039,3,2026-08-19,21900
O01608,C039,P010,5,2026-08-19,52610
O01609,C053,P020,3,2026-08-19,178131
O01610,C072,P038,2,2026-08-19,108166
O01611,C072,P032,1,2026-08-19,17542
O01612,C083,P043,4,2026-08-19,100524
O01613,C041,P045,4,2026-08-19,221984
O01614,C020,P020,4,2026-08-19,237508
O01615,C097,P035,4,2026-08-19,100628
O01616,C029,P020,2,2026-08-19,118754
O01617,C008,P036,4,2026-08-19,51616
O01618,C072,P034,2,2026-08-19,124386
O01619,C032,P017,2,2026-08-19,53130
O01620,C083,P006,4,2026-08-19,11008
O01621,C012,P035,2,2026-08-19,50314
O01622,C035,P025,5,2026-08-19,145320
O01623,C010,P013,5,2026-08-19,312480
O01624,C028,P031,2,2026-08-19,127648
O01625,C039,P001,2,2026-08-19,133480
O01626,C095,P008,4,2026-08-19,126340
O01627,C090,P039,2,2026-08-19,14600
O01628,C031,P036,3,2026-08-19,38712
O01629,C049,P030,5,2026-08-19,156975
O01630,C040,P017,3,2026-08-19,79695
O01631,C064,P030,1,2026-08-19,31395
O01632,C098,P021,2,2026-08-19,65386
O01633,C041,P027,1,2026-08-19,30207
O01634,C095,P010,1,2026-08-19,10522
O01635,C071,P038,5,2026-08-19,270415
O01636,C038,P010,2,2026-08-19,21044
O01637,C030,P025,5,2026-08-19,145320
O01638,C064,P036,3,2026-08-19,38712
O01639,C098,P032,4,2026-08-19,70168
O01640,C022,P047,3,2026-08-19,98826
O01641,C018,P047,5,2026-08-19,164710
O01642,C024,P035,1,2026-08-19,25157
O01643,C005,P005,1,2026-08-19,42687
O01644,C053,P009,2,2026-08-19,63542
O01645,C091,P010,1,2026-08-19,10522
O01646,C065,P030,3,2026-08-19,94185
O01647,C080,P041,5,2026-08-19,223365
O01648,C085,P032,1,2026-08-19,17542
O01649,C069,P036,4,2026-08-19,51616
O01650,C003,P034,3,2026-08-19,186579
O01651,C037,P002,5,2026-08-19,131355
O01652,C023,P007,1,2026-08-19,47776
O01653,C020,P016,2,2026-08-19,111322
O01654,C033,P023,3,2026-08-19,8871
O01655,C011,P024,4,2026-08-19,121444
O01656,C073,P016,2,2026-08-19,111322
O01657,C088,P006,1,2026-08-19,2752
O01658,C052,P025,4,2026-08-19,116256
O01659,C061,P004,1,2026-08-19,69714
O01660,C011,P032,4,2026-08-19,70168
O01661,C073,P007,5,2026-08-19,238880
O01662,C030,P014,5,2026-08-19,109215
O01663,C035,P003,1,2026-08-19,49209
O01664,C070,P037,1,2026-08-19,46638
O01665,C041,P002,2,2026-08-19,52542
O01666,C097,P046,4,2026-08-19,146836
O01667,C039,P011,5,2026-08-19,319495
O01668,C073,P025,5,2026-08-19,145320
O01669,C050,P049,2,2026-08-19,26066
O01670,C065,P048,3,2026-08-19,174846
O01671,C013,P028,2,2026-08-19,8634
O01672,C044,P039,5,2026-08-19,36500
O01673,C100,P021,1,2026-08-19,32693
O01674,C058,P032,2,2026-08-19,35084
O01675,C071,P025,4,2026-08-19,116256
O01676,C088,P038,4,2026-08-19,216332
O01677,C099,P040,3,2026-08-19,24432
O01678,C092,P005,1,2026-08-19,42687
O01679,C020,P025,2,2026-08-19,58128
O01680,C041,P024,1,2026-08-19,30361
O01681,C001,P020,4,2026-08-19,237508
O01682,C098,P018,1,2026-08-19,52496
O01683,C012,P012,4,2026-08-19,66732
O01684,C072,P036,5,2026-08-19,64520
O01685,C014,P002,1,2026-08-19,26271
O01686,C071,P006,5,2026-08-19,13760
O01687,C050,P001,3,2026-08-19,200220
O01688,C050,P050,1,2026-08-19,2134
O01689,C032,P037,5,2026-08-19,233190
O01690,C088,P025,2,2026-08-19,58128
O01691,C035,P020,3,2026-08-19,178131
O01692,C019,P005,2,2026-08-19,85374
O01693,C036,P027,3,2026-08-19,90621
O01694,C010,P024,3,2026-08-19,91083
O01695,C093,P041,4,2026-08-19,178692
O01696,C059,P007,2,2026-08-19,95552
O01697,C001,P026,3,2026-08-19,28515
O01698,C043,P029,3,2026-08-19,28461
O01699,C084,P039,2,2026-08-19,14600
O01700,C042,P039,2,2026-08-19,14600
O01701,C041,P012,4,2026-08-19,66732
O01702,C038,P048,4,2026-08-19,233128
O01703,C042,P025,3,2026-08-19,87192
O01704,C047,P008,5,2026-08-19,157925
O01705,C076,P035,2,2026-08-19,50314
O01706,C004,P047,4,2026-08-19,131768
O01707,C057,P019,1,2026-08-19,57622
O01708,C087,P032,2,2026-08-19,35084
O01709,C031,P017,2,2026-08-19,53130
O01710,C049,P005,4,2026-08-19,170748
O01711,C075,P026,5,2026-08-19,47525
O01712,C089,P027,5,2026-08-19,151035
O01713,C047,P045,5,2026-08-19,277480
O01714,C014,P050,2,2026-08-19,4268
O01715,C022,P042,5,2026-08-19,163955
O01716,C073,P042,4,2026-08-19,131164
O01717,C056,P007,1,2026-08-19,47776
O01718,C034,P015,5,2026-08-19,346815
O01719,C072,P038,5,2026-08-19,270415
O01720,C058,P024,4,2026-08-19,121444
O01721,C099,P044,5,2026-08-19,295000
O01722,C020,P023,1,2026-08-19,2957
O01723,C014,P019,4,2026-08-19,230488
O01724,C015,P047,2,2026-08-19,65884
O01725,C040,P022,4,2026-08-19,34368
O01726,C067,P031,3,2026-08-19,191472
O01727,C013,P029,4,2026-08-19,37948
O01728,C009,P020,1,2026-08-19,59377
O01729,C003,P022,1,2026-08-19,8592
O01730,C095,P016,5,2026-08-19,278305
O01731,C071,P011,3,2026-08-19,191697
O01732,C055,P030,2,2026-08-19,62790
O01733,C081,P012,2,2026-08-19,33366
O01734,C051,P002,5,2026-08-19,131355
O01735,C058,P038,4,2026-08-19,216332
O01736,C001,P046,2,2026-08-19,73418
O01737,C036,P049,1,2026-08-19,13033
O01738,C069,P012,3,2026-08-19,50049
O01739,C026,P030,1,2026-08-19,31395
O01740,C086,P032,5,2026-08-19,87710
O01741,C077,P025,5,2026-08-19,145320
O01742,C076,P008,3,2026-08-19,94755
O01743,C059,P040,2,2026-08-19,16288
O01744,C079,P038,1,2026-08-19,54083
O01745,C041,P008,2,2026-08-19,63170
O01746,C015,P012,3,2026-08-19,50049
O01747,C066,P025,4,2026-08-19,116256
O01748,C074,P025,4,2026-08-19,116256
O01749,C063,P041,5,2026-08-19,223365
O01750,C072,P011,4,2026-08-19,255596
O01751,C018,P012,3,2026-08-19,50049
O01752,C080,P004,3,2026-08-19,209142
O01753,C063,P009,2,2026-08-19,63542
O01754,C072,P033,4,2026-08-19,248612
O01755,C088,P032,4,2026-08-19,70168
O01756,C063,P011,1,2026-08-19,63899
O01757,C098,P015,3,2026-08-19,208089
O01758,C036,P015,5,2026-08-19,346815
O01759,C022,P050,4,2026-08-19,8536
O01760,C071,P033,1,2026-08-19,62153
O01761,C035,P050,5,2026-08-19,10670
O01762,C070,P049,1,2026-08-19,13033
O01763,C070,P014,4,2026-08-19,87372
O01764,C095,P042,2,2026-08-19,65582
O01765,C005,P029,3,2026-08-19,28461
O01766,C012,P029,1,2026-08-19,9487
O01767,C027,P048,5,2026-08-19,291410
O01768,C091,P040,4,2026-08-19,32576
O01769,C079,P009,2,2026-08-19,63542
O01770,C008,P037,3,2026-08-19,139914
O01771,C036,P039,5,2026-08-19,36500
O01772,C042,P046,3,2026-08-19,110127
O01773,C074,P018,5,2026-08-19,262480
O01774,C018,P049,4,2026-08-19,52132
O01775,C036,P042,2,2026-08-19,65582
O01776,C032,P010,3,2026-08-19,31566
O01777,C098,P044,4,2026-08-19,236000
O01778,C019,P037,3,2026-08-19,139914
O01779,C049,P029,1,2026-08-19,9487
O01780,C052,P033,3,2026-08-19,186459
O01781,C059,P032,3,2026-08-19,52626
O01782,C100,P047,1,2026-08-19,32942
O01783,C082,P043,3,2026-08-19,75393
O01784,C069,P026,2,2026-08-19,19010
O01785,C028,P032,3,2026-08-19,52626
O01786,C037,P022,5,2026-08-19,42960
O01787,C073,P032,3,2026-08-19,52626
O01788,C006,P007,4,2026-08-19,191104
O01789,C016,P011,4,2026-08-19,255596
O01790,C001,P028,2,2026-08-19,8634
O01791,C084,P020,2,2026-08-19,118754
O01792,C012,P042,3,2026-08-19,98373
O01793,C011,P024,2,2026-08-19,60722
O01794,C051,P041,3,2026-08-19,134019
O01795,C055,P042,1,2026-08-19,32791
O01796,C001,P014,4,2026-08-19,87372
O01797,C017,P038,2,2026-08-19,108166
O01798,C088,P029,1,2026-08-19,9487
O01799,C090,P022,1,2026-08-19,8592
O01800,C089,P009,4,2026-08-19,127084
O01801,C030,P025,1,2026-08-19,29064
O01802,C014,P021,3,2026-08-19,98079
O01803,C018,P025,2,2026-08-19,58128
O01804,C009,P034,5,2026-08-19,310965
O01805,C079,P042,2,2026-08-19,65582
O01806,C045,P047,2,2026-08-19,65884
O01807,C053,P040,4,2026-08-19,32576
O01808,C012,P007,2,2026-08-19,95552
O01809,C076,P047,4,2026-08-19,131768
O01810,C055,P021,2,2026-08-19,65386
O01811,C036,P042,1,2026-08-19,32791
O01812,C071,P039,5,2026-08-19,36500
O01813,C100,P045,1,2026-08-19,55496
O01814,C027,P034,5,2026-08-19,310965
O01815,C025,P048,4,2026-08-19,233128
O01816,C083,P004,2,2026-08-19,139428
O01817,C050,P008,2,2026-08-19,63170
O01818,C082,P039,1,2026-08-19,7300
O01819,C002,P024,3,2026-08-19,91083
O01820,C050,P037,4,2026-08-19,186552
O01821,C070,P044,2,2026-08-19,118000
O01822,C099,P005,1,2026-08-19,42687
O01823,C002,P017,2,2026-08-19,53130
O01824,C008,P026,5,2026-08-19,47525
O01825,C081,P046,5,2026-08-19,183545
O01826,C055,P045,4,2026-08-19,221984
O01827,C082,P035,5,2026-08-19,125785
O01828,C036,P006,3,2026-08-19,8256
O01829,C066,P014,2,2026-08-19,43686
O01830,C042,P026,5,2026-08-19,47525
O01831,C040,P045,4,2026-08-19,221984
O01832,C008,P016,1,2026-08-19,55661
O01833,C015,P030,5,2026-08-19,156975
O01834,C040,P043,2,2026-08-19,50262
O01835,C002,P046,2,2026-08-19,73418
O01836,C021,P032,3,2026-08-19,52626
O01837,C067,P047,3,2026-08-19,98826
O01838,C048,P009,3,2026-08-19,95313
O01839,C099,P002,3,2026-08-19,78813
O01840,C035,P034,1,2026-08-19,62193
O01841,C092,P037,1,2026-08-19,46638
O01842,C059,P033,3,2026-08-19,186459
O01843,C064,P037,2,2026-08-19,93276
O01844,C021,P017,1,2026-08-19,26565
O01845,C030,P048,5,2026-08-19,291410
O01846,C006,P001,2,2026-08-19,133480
O01847,C061,P024,4,2026-08-19,121444
O01848,C023,P003,5,2026-08-19,246045
O01849,C029,P021,2,2026-08-19,65386
O01850,C093,P021,3,2026-08-19,98079
O01851,C074,P024,1,2026-08-19,30361
O01852,C087,P004,2,2026-08-19,139428
O01853,C067,P003,4,2026-08-19,196836
O01854,C060,P019,3,2026-08-19,172866
O01855,C012,P036,4,2026-08-19,51616
O01856,C048,P013,3,2026-08-19,187488
O01857,C095,P040,2,2026-08-19,16288
O01858,C048,P038,4,2026-08-19,216332
O01859,C094,P035,2,2026-08-19,50314
O01860,C001,P027,1,2026-08-19,30207
O01861,C070,P023,1,2026-08-19,2957
O01862,C001,P049,4,2026-08-19,52132
O01863,C014,P014,5,2026-08-19,109215
O01864,C054,P032,1,2026-08-19,17542
O01865,C092,P018,1,2026-08-19,52496
O01866,C030,P034,4,2026-08-19,248772
O01867,C059,P048,1,2026-08-19,58282
O01868,C065,P009,4,2026-08-19,127084
O01869,C076,P037,1,2026-08-19,46638
O01870,C085,P009,2,2026-08-19,63542
O01871,C034,P021,4,2026-08-19,130772
O01872,C041,P029,3,2026-08-19,28461
O01873,C010,P013,2,2026-08-19,124992
O01874,C020,P007,2,2026-08-19,95552
O01875,C060,P021,4,2026-08-19,130772
O01876,C069,P023,2,2026-08-19,5914
O01877,C040,P030,3,2026-08-19,94185
O01878,C012,P011,3,2026-08-19,191697
O01879,C028,P021,2,2026-08-19,65386
O01880,C092,P016,3,2026-08-19,166983
O01881,C066,P004,3,2026-08-19,209142
O01882,C023,P002,4,2026-08-19,105084
O01883,C072,P048,5,2026-08-19,291410
O01884,C013,P030,1,2026-08-19,31395
O01885,C016,P001,1,2026-08-19,66740
O01886,C017,P013,4,2026-08-19,249984
O01887,C088,P041,1,2026-08-19,44673
O01888,C010,P002,1,2026-08-19,26271
O01889,C083,P029,2,2026-08-19,18974
O01890,C043,P008,1,2026-08-19,31585
O01891,C007,P011,5,2026-08-19,319495
O01892,C093,P026,4,2026-08-19,38020
O01893,C049,P044,4,2026-08-19,236000
O01894,C046,P014,2,2026-08-19,43686
O01895,C036,P029,2,2026-08-19,18974
O01896,C079,P040,5,2026-08-19,40720
O01897,C083,P019,4,2026-08-19,230488
O01898,C071,P031,1,2026-08-19,63824
O01899,C036,P025,2,2026-08-19,58128
O01900,C026,P042,5,2026-08-19,163955
O01901,C081,P035,1,2026-08-19,25157
O01902,C092,P023,4,2026-08-19,11828
O01903,C063,P023,5,2026-08-19,14785
O01904,C042,P025,3,2026-08-19,87192
O01905,C004,P021,5,2026-08-19,163465
O01906,C004,P050,3,2026-08-19,6402
O01907,C061,P034,3,2026-08-19,186579
O01908,C021,P007,2,2026-08-19,95552
O01909,C035,P035,1,2026-08-19,25157
O01910,C074,P025,3,2026-08-19,87192
O01911,C023,P016,5,2026-08-19,278305
O01912,C095,P045,3,2026-08-19,166488
O01913,C091,P045,3,2026-08-19,166488
O01914,C073,P013,4,2026-08-19,249984
O01915,C040,P012,4,2026-08-19,66732
O01916,C012,P004,2,2026-08-19,139428
O01917,C003,P034,4,2026-08-19,248772
O01918,C043,P040,2,2026-08-19,16288
O01919,C044,P046,2,2026-08-19,73418
O01920,C008,P002,2,2026-08-19,52542
O01921,C100,P008,5,2026-08-19,157925
O01922,C010,P024,4,2026-08-19,121444
O01923,C044,P020,3,2026-08-19,178131
O01924,C021,P047,4,2026-08-19,131768
O01925,C084,P021,2,2026-08-19,65386
O01926,C089,P040,3,2026-08-19,24432
O01927,C086,P038,2,2026-08-19,108166
O01928,C040,P047,3,2026-08-19,98826
O01929,C023,P047,1,2026-08-19,32942
O01930,C099,P037,1,2026-08-19,46638
O01931,C078,P021,5,2026-08-19,163465
O01932,C082,P037,1,2026-08-19,46638
O01933,C019,P022,1,2026-08-19,8592
O01934,C045,P021,2,2026-08-19,65386
O01935,C091,P043,3,2026-08-19,75393
O01936,C002,P017,2,2026-08-19,53130
O01937,C089,P005,3,2026-08-19,128061
O01938,C014,P047,1,2026-08-19,32942
O01939,C050,P029,4,2026-08-19,37948
O01940,C053,P032,4,2026-08-19,70168
O01941,C070,P025,1,2026-08-19,29064
O01942,C074,P042,2,2026-08-19,65582
O01943,C058,P005,1,2026-08-19,42687
O01944,C003,P021,3,2026-08-19,98079
O01945,C010,P022,2,2026-08-19,17184
O01946,C021,P047,1,2026-08-19,32942
O01947,C012,P022,5,2026-08-19,42960
O01948,C091,P002,4,2026-08-19,105084
O01949,C078,P028,2,2026-08-19,8634
O01950,C013,P022,2,2026-08-19,17184
O01951,C053,P045,5,2026-08-19,277480
O01952,C034,P043,3,2026-08-19,75393
O01953,C031,P007,1,2026-08-19,47776
O01954,C074,P036,4,2026-08-19,51616
O01955,C007,P024,1,2026-08-19,30361
O01956,C012,P019,5,2026-08-19,288110
O01957,C026,P007,1,2026-08-19,47776
O01958,C022,P041,3,2026-08-19,134019
O01959,C061,P008,3,2026-08-19,94755
O01960,C061,P032,3,2026-08-19,52626
O01961,C083,P035,4,2026-08-19,100628
O01962,C048,P025,3,2026-08-19,87192
O01963,C058,P003,3,2026-08-19,147627
O01964,C060,P017,2,2026-08-19,53130
O01965,C073,P004,2,2026-08-19,139428
O01966,C011,P043,3,2026-08-19,75393
O01967,C053,P049,5,2026-08-19,65165
O01968,C071,P004,4,2026-08-19,278856
O01969,C054,P035,4,2026-08-19,100628
O01970,C061,P020,1,2026-08-19,59377
O01971,C092,P003,5,2026-08-19,246045
O01972,C074,P044,5,2026-08-19,295000
O01973,C016,P049,4,2026-08-19,52132
O01974,C022,P014,2,2026-08-19,43686
O01975,C006,P028,1,2026-08-19,4317
O01976,C026,P041,2,2026-08-19,89346
O01977,C041,P047,1,2026-08-19,32942
O01978,C050,P036,4,2026-08-19,51616
O01979,C042,P018,5,2026-08-19,262480
O01980,C002,P045,5,2026-08-19,277480
O01981,C054,P008,4,2026-08-19,126340
O01982,C019,P037,5,2026-08-19,233190
O01983,C014,P037,1,2026-08-19,46638
O01984,C069,P023,4,2026-08-19,11828
O01985,C050,P042,4,2026-08-19,131164
O01986,C005,P012,3,2026-08-19,50049
O01987,C019,P040,5,2026-08-19,40720
O01988,C005,P026,3,2026-08-19,28515
O01989,C007,P048,4,2026-08-19,233128
O01990,C048,P002,3,2026-08-19,78813
O01991,C040,P018,4,2026-08-19,209984
O01992,C030,P009,3,2026-08-19,95313
O01993,C100,P021,3,2026-08-19,98079
O01994,C078,P042,1,2026-08-19,32791
O01995,C057,P014,4,2026-08-19,87372
O01996,C098,P034,3,2026-08-19,186579
O01997,C066,P011,1,2026-08-19,63899
O01998,C091,P033,4,2026-08-19,248612
O01999,C100,P034,5,2026-08-19,310965
O02000,C023,P013,2,2026-08-19,124992
O02001,C012,P049,2,2026-08-19,26066
O02002,C053,P032,4,2026-08-19,70168
O02003,C052,P004,2,2026-08-19,139428
O02004,C001,P025,3,2026-08-19,87192
O02005,C037,P028,5,2026-08-19,21585
O02006,C020,P013,3,2026-08-19,187488
O02007,C008,P038,5,2026-08-19,270415
O02008,C096,P021,1,2026-08-19,32693
O02009,C075,P031,5,2026-08-19,319120
O02010,C021,P004,5,2026-08-19,348570
O02011,C024,P005,5,2026-08-19,213435
O02012,C087,P016,4,2026-08-19,222644
O02013,C073,P016,5,2026-08-19,278305
O02014,C080,P006,4,2026-08-19,11008
O02015,C041,P017,2,2026-08-19,53130
O02016,C031,P017,4,2026-08-19,106260
O02017,C086,P042,3,2026-08-19,98373
O02018,C041,P049,1,2026-08-19,13033
O02019,C059,P040,5,2026-08-19,40720
O02020,C010,P035,2,2026-08-19,50314
O02021,C034,P009,3,2026-08-19,95313
O02022,C032,P024,3,2026-08-19,91083
O02023,C057,P035,3,2026-08-19,75471
O02024,C002,P043,5,2026-08-19,125655
O02025,C085,P007,2,2026-08-19,95552
O02026,C015,P007,5,2026-08-19,238880
O02027,C035,P019,5,2026-08-19,288110
O02028,C092,P022,2,2026-08-19,17184
O02029,C065,P032,3,2026-08-19,52626
O02030,C012,P041,4,2026-08-19,178692
O02031,C006,P001,3,2026-08-19,200220
O02032,C082,P017,2,2026-08-19,53130
O02033,C071,P046,4,2026-08-19,146836
O02034,C002,P008,1,2026-08-19,31585
O02035,C070,P003,3,2026-08-19,147627
O02036,C019,P028,2,2026-08-19,8634
O02037,C040,P024,1,2026-08-19,30361
O02038,C027,P044,2,2026-08-19,118000
O02039,C046,P050,5,2026-08-19,10670
O02040,C080,P048,2,2026-08-19,116564
O02041,C021,P012,4,2026-08-19,66732
O02042,C023,P048,3,2026-08-19,174846
O02043,C086,P048,2,2026-08-19,116564
O02044,C021,P045,1,2026-08-19,55496
O02045,C005,P031,2,2026-08-19,127648
O02046,C059,P023,3,2026-08-19,8871
O02047,C029,P002,2,2026-08-19,52542
O02048,C043,P018,1,2026-08-19,52496
O02049,C045,P042,5,2026-08-19,163955
O02050,C087,P035,3,2026-08-19,75471
O02051,C015,P017,2,2026-08-19,53130
O02052,C005,P007,5,2026-08-19,238880
O02053,C045,P047,3,2026-08-19,98826
O02054,C078,P033,1,2026-08-19,62153
O02055,C074,P013,3,2026-08-19,187488
O02056,C091,P028,1,2026-08-19,4317
O02057,C069,P044,2,2026-08-19,118000
O02058,C056,P005,3,2026-08-19,128061
O02059,C085,P008,3,2026-08-19,94755
O02060,C040,P043,4,2026-08-19,100524
O02061,C052,P045,3,2026-08-19,166488
O02062,C017,P013,4,2026-08-19,249984
O02063,C087,P048,2,2026-08-19,116564
O02064,C052,P036,1,2026-08-19,12904
O02065,C037,P014,4,2026-08-19,87372
O02066,C060,P029,4,2026-08-19,37948
O02067,C066,P031,2,2026-08-19,127648
O02068,C037,P033,5,2026-08-19,310765
O02069,C012,P049,2,2026-08-19,26066
O02070,C029,P013,2,2026-08-19,124992
O02071,C006,P016,4,2026-08-19,222644
O02072,C059,P027,5,2026-08-19,151035
O02073,C092,P045,4,2026-08-19,221984
O02074,C052,P016,2,2026-08-19,111322
O02075,C097,P050,1,2026-08-19,2134
O02076,C029,P012,5,2026-08-19,83415
O02077,C007,P036,2,2026-08-19,25808
O02078,C059,P009,4,2026-08-19,127084
O02079,C072,P039,3,2026-08-19,21900
O02080,C079,P047,5,2026-08-19,164710
O02081,C071,P029,2,2026-08-19,18974
O02082,C058,P017,2,2026-08-19,53130
O02083,C099,P050,5,2026-08-19,10670
O02084,C081,P016,3,2026-08-19,166983
O02085,C010,P046,3,2026-08-19,110127
O02086,C035,P022,3,2026-08-19,25776
O02087,C011,P009,2,2026-08-19,63542
O02088,C050,P045,2,2026-08-19,110992
O02089,C009,P027,4,2026-08-19,120828
O02090,C070,P030,4,2026-08-19,125580
O02091,C027,P027,4,2026-08-19,120828
O02092,C098,P037,4,2026-08-19,186552
O02093,C001,P023,3,2026-08-19,8871
O02094,C054,P035,5,2026-08-19,125785
O02095,C063,P015,3,2026-08-19,208089
O02096,C063,P002,4,2026-08-19,105084
O02097,C086,P044,4,2026-08-19,236000
O02098,C060,P009,5,2026-08-19,158855
O02099,C004,P026,5,2026-08-19,47525
O02100,C011,P042,4,2026-08-19,131164
O02101,C060,P012,1,2026-08-19,16683
O02102,C049,P021,2,2026-08-19,65386
O02103,C042,P022,4,2026-08-19,34368
O02104,C097,P027,3,2026-08-19,90621
O02105,C061,P002,5,2026-08-19,131355
O02106,C045,P015,1,2026-08-19,69363
O02107,C097,P002,2,2026-08-19,52542
O02108,C003,P040,2,2026-08-19,16288
O02109,C017,P031,1,2026-08-19,63824
O02110,C060,P045,3,2026-08-19,166488
O02111,C022,P039,5,2026-08-19,36500
O02112,C100,P011,3,2026-08-19,191697
O02113,C075,P002,3,2026-08-19,78813
O02114,C051,P046,2,2026-08-19,73418
O02115,C076,P045,2,2026-08-19,110992
O02116,C090,P050,3,2026-08-19,6402
O02117,C073,P003,3,2026-08-19,147627
O02118,C055,P043,3,2026-08-19,75393
O02119,C065,P042,3,2026-08-19,98373
O02120,C054,P032,1,2026-08-19,17542
O02121,C047,P041,4,2026-08-19,178692
O02122,C056,P012,5,2026-08-19,83415
O02123,C079,P035,4,2026-08-19,100628
O02124,C056,P047,5,2026-08-19,164710
O02125,C042,P016,1,2026-08-19,55661
O02126,C058,P016,4,2026-08-19,222644
O02127,C044,P002,4,2026-08-19,105084
O02128,C024,P032,2,2026-08-19,35084
O02129,C034,P022,3,2026-08-19,25776
O02130,C072,P001,5,2026-08-19,333700
O02131,C011,P016,4,2026-08-19,222644
O02132,C072,P049,2,2026-08-19,26066
O02133,C083,P046,4,2026-08-19,146836
O02134,C003,P006,3,2026-08-19,8256
O02135,C052,P045,2,2026-08-19,110992
O02136,C085,P038,3,2026-08-19,162249
O02137,C071,P034,3,2026-08-19,186579
O02138,C096,P036,3,2026-08-19,38712
O02139,C090,P030,3,2026-08-19,94185
O02140,C033,P015,1,2026-08-19,69363
O02141,C041,P008,5,2026-08-19,157925
O02142,C025,P014,4,2026-08-19,87372
O02143,C093,P038,5,2026-08-19,270415
O02144,C013,P013,3,2026-08-19,187488
O02145,C047,P012,3,2026-08-19,50049
O02146,C091,P035,2,2026-08-19,50314
O02147,C006,P004,5,2026-08-19,348570
O02148,C090,P009,4,2026-08-19,127084
O02149,C002,P037,3,2026-08-19,139914
O02150,C062,P029,3,2026-08-19,28461
O02151,C007,P017,4,2026-08-19,106260
O02152,C009,P026,4,2026-08-19,38020
O02153,C074,P041,1,2026-08-19,44673
O02154,C020,P037,3,2026-08-19,139914
O02155,C032,P008,5,2026-08-19,157925
O02156,C078,P039,5,2026-08-19,36500
O02157,C100,P034,4,2026-08-19,248772
O02158,C057,P020,5,2026-08-19,296885
O02159,C040,P037,5,2026-08-19,233190
O02160,C079,P048,1,2026-08-19,58282
O02161,C081,P014,3,2026-08-19,65529
O02162,C021,P016,2,2026-08-19,111322
O02163,C010,P011,1,2026-08-19,63899
O02164,C058,P045,5,2026-08-19,277480
O02165,C038,P003,2,2026-08-19,98418
O02166,C091,P019,4,2026-08-19,230488
O02167,C088,P015,3,2026-08-19,208089
O02168,C055,P008,5,2026-08-19,157925
O02169,C083,P010,3,2026-08-19,31566
O02170,C010,P004,2,2026-08-19,139428
O02171,C077,P048,5,2026-08-19,291410
O02172,C057,P008,4,2026-08-19,126340
O02173,C090,P026,3,2026-08-19,28515
O02174,C070,P032,4,2026-08-19,70168
O02175,C077,P003,4,2026-08-19,196836
O02176,C078,P017,1,2026-08-19,26565
O02177,C030,P044,5,2026-08-19,295000
O02178,C098,P044,3,2026-08-19,177000
O02179,C098,P049,2,2026-08-19,26066
O02180,C067,P042,4,2026-08-19,131164
O02181,C024,P038,4,2026-08-19,216332
O02182,C012,P031,3,2026-08-19,191472
O02183,C043,P021,1,2026-08-19,32693
O02184,C043,P027,4,2026-08-19,120828
O02185,C085,P026,5,2026-08-19,47525
O02186,C059,P006,3,2026-08-19,8256
O02187,C042,P008,4,2026-08-19,126340
O02188,C001,P043,5,2026-08-19,125655
O02189,C053,P004,2,2026-08-19,139428
O02190,C047,P040,4,2026-08-19,32576
O02191,C098,P004,2,2026-08-19,139428
O02192,C071,P009,3,2026-08-19,95313
O02193,C090,P032,1,2026-08-19,17542
O02194,C081,P039,2,2026-08-19,14600
O02195,C040,P036,1,2026-08-19,12904
O02196,C053,P006,2,2026-08-19,5504
O02197,C060,P008,2,2026-08-19,63170
O02198,C092,P019,5,2026-08-19,288110
O02199,C054,P031,4,2026-08-19,255296
O02200,C059,P036,2,2026-08-19,25808
O02201,C025,P039,5,2026-08-19,36500
O02202,C009,P018,4,2026-08-19,209984
O02203,C065,P018,1,2026-08-19,52496
O02204,C093,P020,5,2026-08-19,296885
O02205,C020,P029,5,2026-08-19,47435
O02206,C045,P022,5,2026-08-19,42960
O02207,C049,P030,3,2026-08-19,94185
O02208,C090,P016,5,2026-08-19,278305
O02209,C030,P050,4,2026-08-19,8536
O02210,C041,P048,4,2026-08-19,233128
O02211,C050,P043,2,2026-08-19,50262
O02212,C005,P009,5,2026-08-19,158855
O02213,C013,P029,1,2026-08-19,9487
O02214,C059,P001,2,2026-08-19,133480
O02215,C084,P010,1,2026-08-19,10522
O02216,C034,P022,5,2026-08-19,42960
O02217,C084,P006,3,2026-08-19,8256
O02218,C049,P021,4,2026-08-19,130772
O02219,C005,P040,1,2026-08-19,8144
O02220,C081,P044,3,2026-08-19,177000
O02221,C096,P006,4,2026-08-19,11008
O02222,C098,P041,1,2026-08-19,44673
O02223,C022,P045,3,2026-08-19,166488
O02224,C006,P021,1,2026-08-19,32693
O02225,C046,P024,4,2026-08-19,121444
O02226,C032,P034,4,2026-08-19,248772
O02227,C022,P012,1,2026-08-19,16683
O02228,C080,P044,2,2026-08-19,118000
O02229,C075,P010,2,2026-08-19,21044
O02230,C082,P017,4,2026-08-19,106260
O02231,C086,P001,4,2026-08-19,266960
O02232,C087,P035,2,2026-08-19,50314
O02233,C057,P023,5,2026-08-19,14785
O02234,C082,P028,3,2026-08-19,12951
O02235,C039,P013,4,2026-08-19,249984
O02236,C014,P016,4,2026-08-19,222644
O02237,C074,P019,3,2026-08-19,172866
O02238,C085,P026,3,2026-08-19,28515
O02239,C073,P044,1,2026-08-19,59000
O02240,C037,P050,2,2026-08-19,4268
O02241,C029,P041,2,2026-08-19,89346
O02242,C087,P049,2,2026-08-19,26066
O02243,C081,P042,1,2026-08-19,32791
O02244,C057,P003,5,2026-08-19,246045
O02245,C094,P009,1,2026-08-19,31771
O02246,C042,P048,4,2026-08-19,233128
O02247,C026,P009,5,2026-08-19,158855
O02248,C068,P033,3,2026-08-19,186459
O02249,C033,P031,3,2026-08-19,191472
O02250,C015,P030,1,2026-08-19,31395
O02251,C097,P015,4,2026-08-19,277452
O02252,C047,P006,4,2026-08-19,11008
O02253,C034,P035,1,2026-08-19,25157
O02254,C048,P044,3,2026-08-19,177000
O02255,C082,P024,1,2026-08-19,30361
O02256,C061,P002,5,2026-08-19,131355
O02257,C042,P040,2,2026-08-19,16288
O02258,C082,P030,3,2026-08-19,94185
O02259,C015,P009,1,2026-08-19,31771
O02260,C039,P032,1,2026-08-19,17542
O02261,C031,P035,2,2026-08-19,50314
O02262,C059,P024,5,2026-08-19,151805
O02263,C076,P048,2,2026-08-19,116564
O02264,C084,P007,4,2026-08-19,191104
O02265,C036,P003,3,2026-08-19,147627
O02266,C057,P029,2,2026-08-19,18974
O02267,C013,P044,3,2026-08-19,177000
O02268,C083,P023,1,2026-08-19,2957
O02269,C036,P013,1,2026-08-19,62496
O02270,C012,P043,2,2026-08-19,50262
O02271,C007,P022,2,2026-08-19,17184
O02272,C073,P014,1,2026-08-19,21843
O02273,C027,P038,2,2026-08-19,108166
O02274,C043,P050,2,2026-08-19,4268
O02275,C036,P010,2,2026-08-19,21044
O02276,C033,P012,1,2026-08-19,16683
O02277,C017,P001,3,2026-08-19,200220
O02278,C076,P021,1,2026-08-19,32693
O02279,C034,P004,2,2026-08-19,139428
O02280,C068,P008,1,2026-08-19,31585
O02281,C058,P050,3,2026-08-19,6402
O02282,C076,P007,4,2026-08-19,191104
O02283,C029,P040,1,2026-08-19,8144
O02284,C039,P030,1,2026-08-19,31395
O02285,C062,P026,4,2026-08-19,38020
O02286,C063,P046,4,2026-08-19,146836
O02287,C011,P021,5,2026-08-19,163465
O02288,C009,P009,3,2026-08-19,95313
O02289,C092,P021,4,2026-08-19,130772
O02290,C038,P030,5,2026-08-19,156975
O02291,C013,P045,1,2026-08-19,55496
O02292,C093,P014,4,2026-08-19,87372
O02293,C030,P027,3,2026-08-19,90621
O02294,C052,P027,1,2026-08-19,30207
O02295,C055,P021,3,2026-08-19,98079
O02296,C020,P044,4,2026-08-19,236000
O02297,C012,P006,1,2026-08-19,2752
O02298,C013,P048,3,2026-08-19,174846
O02299,C072,P004,5,2026-08-19,348570
O02300,C072,P022,1,2026-08-19,8592
O02301,C046,P043,4,2026-08-19,100524
O02302,C037,P039,3,2026-08-19,21900
O02303,C014,P037,5,2026-08-19,233190
O02304,C020,P043,4,2026-08-19,100524
O02305,C014,P023,5,2026-08-19,14785
O02306,C015,P049,3,2026-08-19,39099
O02307,C055,P036,5,2026-08-19,64520
O02308,C004,P039,3,2026-08-19,21900
O02309,C024,P018,3,2026-08-19,157488
O02310,C045,P001,2,2026-08-19,133480
O02311,C073,P043,4,2026-08-19,100524
O02312,C019,P048,1,2026-08-19,58282
O02313,C096,P034,2,2026-08-19,124386
O02314,C054,P030,3,2026-08-19,94185
O02315,C048,P020,3,2026-08-19,178131
O02316,C007,P010,2,2026-08-19,21044
O02317,C087,P006,3,2026-08-19,8256
O02318,C085,P028,4,2026-08-19,17268
O02319,C054,P018,2,2026-08-19,104992
O02320,C015,P023,4,2026-08-19,11828
O02321,C037,P044,5,2026-08-19,295000
O02322,C068,P043,3,2026-08-19,75393
O02323,C029,P026,5,2026-08-19,47525
O02324,C001,P014,3,2026-08-19,65529
O02325,C099,P009,3,2026-08-19,95313
O02326,C042,P008,1,2026-08-19,31585
O02327,C096,P028,2,2026-08-19,8634
O02328,C049,P035,2,2026-08-19,50314
O02329,C072,P043,3,2026-08-19,75393
O02330,C051,P048,1,2026-08-19,58282
O02331,C003,P030,1,2026-08-19,31395
O02332,C074,P028,5,2026-08-19,21585
O02333,C091,P041,4,2026-08-19,178692
O02334,C015,P026,1,2026-08-19,9505
O02335,C022,P040,4,2026-08-19,32576
O02336,C012,P028,1,2026-08-19,4317
O02337,C056,P038,4,2026-08-19,216332
O02338,C011,P026,3,2026-08-19,28515
O02339,C029,P022,2,2026-08-19,17184
O02340,C066,P041,1,2026-08-19,44673
O02341,C066,P013,3,2026-08-19,187488
O02342,C094,P042,2,2026-08-19,65582
O02343,C014,P010,3,2026-08-19,31566
O02344,C023,P039,2,2026-08-19,14600
O02345,C023,P050,4,2026-08-19,8536
O02346,C097,P037,5,2026-08-19,233190
O02347,C088,P037,5,2026-08-19,233190
O02348,C081,P021,2,2026-08-19,65386
O02349,C009,P031,4,2026-08-19,255296
O02350,C036,P038,1,2026-08-19,54083
O02351,C065,P005,3,2026-08-19,128061
O02352,C058,P003,1,2026-08-19,49209
O02353,C037,P005,1,2026-08-19,42687
O02354,C050,P030,5,2026-08-19,156975
O02355,C095,P003,4,2026-08-19,196836
O02356,C042,P039,4,2026-08-19,29200
O02357,C020,P004,4,2026-08-19,278856
O02358,C044,P046,1,2026-08-19,36709
O02359,C083,P012,1,2026-08-19,16683
O02360,C091,P029,4,2026-08-19,37948
O02361,C067,P040,2,2026-08-19,16288
O02362,C048,P019,4,2026-08-19,230488
O02363,C100,P022,5,2026-08-19,42960
O02364,C081,P042,3,2026-08-19,98373
O02365,C043,P007,5,2026-08-19,238880
O02366,C037,P017,5,2026-08-19,132825
O02367,C043,P006,5,2026-08-19,13760
O02368,C045,P020,4,2026-08-19,237508
O02369,C077,P046,1,2026-08-19,36709
O02370,C072,P025,3,2026-08-19,87192
O02371,C086,P045,5,2026-08-19,277480
O02372,C083,P043,4,2026-08-19,100524
O02373,C047,P002,3,2026-08-19,78813
O02374,C024,P014,3,2026-08-19,65529
O02375,C025,P015,2,2026-08-19,138726
O02376,C010,P019,1,2026-08-19,57622
O02377,C099,P035,5,2026-08-19,125785
O02378,C085,P022,5,2026-08-19,42960
O02379,C077,P025,2,2026-08-19,58128
O02380,C024,P045,5,2026-08-19,277480
O02381,C093,P029,1,2026-08-19,9487
O02382,C047,P044,2,2026-08-19,118000
O02383,C079,P019,4,2026-08-19,230488
O02384,C069,P016,3,2026-08-19,166983
O02385,C025,P024,5,2026-08-19,151805
O02386,C060,P050,3,2026-08-19,6402
O02387,C065,P034,4,2026-08-19,248772
O02388,C026,P039,2,2026-08-19,14600
O02389,C007,P042,4,2026-08-19,131164
O02390,C071,P007,5,2026-08-19,238880
O02391,C037,P006,2,2026-08-19,5504
O02392,C058,P033,2,2026-08-19,124306
O02393,C012,P015,4,2026-08-19,277452
O02394,C004,P027,1,2026-08-19,30207
O02395,C065,P024,2,2026-08-19,60722
O02396,C011,P024,2,2026-08-19,60722
O02397,C041,P007,3,2026-08-19,143328
O02398,C018,P003,3,2026-08-19,147627
O02399,C090,P009,4,2026-08-19,127084
O02400,C079,P001,1,2026-08-19,66740
O02401,C033,P014,2,2026-08-19,43686
O02402,C094,P039,5,2026-08-19,36500
O02403,C015,P050,3,2026-08-19,6402
O02404,C039,P008,1,2026-08-19,31585
O02405,C054,P041,5,2026-08-19,223365
O02406,C009,P008,4,2026-08-19,126340
O02407,C003,P041,5,2026-08-19,223365
O02408,C092,P010,3,2026-08-19,31566
O02409,C001,P040,3,2026-08-19,24432
O02410,C074,P027,2,2026-08-19,60414
O02411,C068,P024,1,2026-08-19,30361
O02412,C070,P033,5,2026-08-19,310765
O02413,C003,P025,4,2026-08-19,116256
O02414,C082,P025,3,2026-08-19,87192
O02415,C096,P002,3,2026-08-19,78813
O02416,C045,P016,1,2026-08-19,55661
O02417,C018,P003,3,2026-08-19,147627
O02418,C044,P042,2,2026-08-19,65582
O02419,C090,P031,2,2026-08-19,127648
O02420,C009,P046,4,2026-08-19,146836
O02421,C038,P013,1,2026-08-19,62496
O02422,C006,P021,3,2026-08-19,98079
O02423,C051,P035,4,2026-08-19,100628
O02424,C005,P049,2,2026-08-19,26066
O02425,C046,P050,1,2026-08-19,2134
O02426,C035,P008,3,2026-08-19,94755
O02427,C052,P048,4,2026-08-19,233128
O02428,C044,P012,4,2026-08-19,66732
O02429,C048,P034,3,2026-08-19,186579
O02430,C094,P028,1,2026-08-19,4317
O02431,C078,P012,5,2026-08-19,83415
O02432,C042,P007,1,2026-08-19,47776
O02433,C085,P019,3,2026-08-19,172866
O02434,C078,P046,4,2026-08-19,146836
O02435,C089,P029,3,2026-08-19,28461
O02436,C006,P047,3,2026-08-19,98826
O02437,C036,P041,1,2026-08-19,44673
O02438,C086,P041,4,2026-08-19,178692
O02439,C066,P048,2,2026-08-19,116564
O02440,C019,P039,4,2026-08-19,29200
O02441,C017,P005,2,2026-08-19,85374
O02442,C047,P025,5,2026-08-19,145320
O02443,C078,P010,4,2026-08-19,42088
O02444,C048,P029,1,2026-08-19,9487
O02445,C068,P024,4,2026-08-19,121444
O02446,C084,P018,2,2026-08-19,104992
O02447,C004,P048,2,2026-08-19,116564
O02448,C067,P025,5,2026-08-19,145320
O02449,C034,P050,3,2026-08-19,6402
O02450,C028,P040,3,2026-08-19,24432
O02451,C026,P008,2,2026-08-19,63170
O02452,C058,P012,4,2026-08-19,66732
O02453,C088,P021,3,2026-08-19,98079
O02454,C071,P035,3,2026-08-19,75471
O02455,C021,P046,2,2026-08-19,73418
O02456,C066,P015,1,2026-08-19,69363
O02457,C018,P016,4,2026-08-19,222644
O02458,C047,P036,5,2026-08-19,64520
O02459,C060,P036,2,2026-08-19,25808
O02460,C009,P020,4,2026-08-19,237508
O02461,C068,P027,4,2026-08-19,120828
O02462,C017,P021,1,2026-08-19,32693
O02463,C060,P044,5,2026-08-19,295000
O02464,C017,P050,5,2026-08-19,10670
O02465,C099,P009,4,2026-08-19,127084
O02466,C008,P008,5,2026-08-19,157925
O02467,C039,P011,2,2026-08-19,127798
O02468,C091,P015,3,2026-08-19,208089
O02469,C037,P006,3,2026-08-19,8256
O02470,C082,P036,3,2026-08-19,38712
O02471,C081,P020,5,2026-08-19,296885
O02472,C012,P033,2,2026-08-19,124306
O02473,C022,P043,5,2026-08-19,125655
O02474,C073,P003,1,2026-08-19,49209
O02475,C006,P042,5,2026-08-19,163955
O02476,C084,P014,5,2026-08-19,109215
O02477,C080,P041,1,2026-08-19,44673
O02478,C081,P035,3,2026-08-19,75471
O02479,C062,P016,4,2026-08-19,222644
O02480,C059,P005,1,2026-08-19,42687
O02481,C057,P027,4,2026-08-19,120828
O02482,C027,P022,5,2026-08-19,42960
O02483,C041,P046,3,2026-08-19,110127
O02484,C052,P009,3,2026-08-19,95313
O02485,C072,P007,3,2026-08-19,143328
O02486,C060,P008,3,2026-08-19,94755
O02487,C032,P010,1,2026-08-19,10522
O02488,C038,P025,5,2026-08-19,145320
O02489,C032,P011,3,2026-08-19,191697
O02490,C025,P049,2,2026-08-19,26066
O02491,C066,P030,4,2026-08-19,125580
O02492,C064,P002,1,2026-08-19,26271
O02493,C065,P030,2,2026-08-19,62790
O02494,C075,P023,1,2026-08-19,2957
O02495,C037,P032,5,2026-08-19,87710
O02496,C037,P035,1,2026-08-19,25157
O02497,C056,P009,3,2026-08-19,95313
O02498,C098,P026,3,2026-08-19,28515
O02499,C052,P004,5,2026-08-19,348570
O02500,C025,P024,5,2026-08-19,151805
O02501,C010,P025,5,2026-08-19,145320
O02502,C098,P036,3,2026-08-19,38712
O02503,C017,P007,4,2026-08-19,191104
O02504,C044,P036,3,2026-08-19,38712
O02505,C026,P039,5,2026-08-19,36500
O02506,C065,P003,1,2026-08-19,49209
O02507,C018,P046,3,2026-08-19,110127
O02508,C067,P030,2,2026-08-19,62790
O02509,C018,P021,5,2026-08-19,163465
O02510,C021,P026,5,2026-08-19,47525
O02511,C076,P022,5,2026-08-19,42960
O02512,C069,P032,5,2026-08-19,87710
O02513,C061,P002,3,2026-08-19,78813
O02514,C087,P008,4,2026-08-19,126340
O02515,C093,P045,1,2026-08-19,55496
O02516,C034,P042,5,2026-08-19,163955
O02517,C093,P004,5,2026-08-19,348570
O02518,C022,P034,5,2026-08-19,310965
O02519,C019,P044,2,2026-08-19,118000
O02520,C074,P045,1,2026-08-19,55496
O02521,C003,P029,3,2026-08-19,28461
O02522,C020,P027,2,2026-08-19,60414
O02523,C065,P050,5,2026-08-19,10670
O02524,C095,P047,1,2026-08-19,32942
O02525,C067,P014,5,2026-08-19,109215
O02526,C085,P031,5,2026-08-19,319120
O02527,C041,P012,4,2026-08-19,66732
O02528,C044,P035,3,2026-08-19,75471
O02529,C079,P031,2,2026-08-19,127648
O02530,C036,P036,3,2026-08-19,38712
O02531,C039,P050,3,2026-08-19,6402
O02532,C089,P046,4,2026-08-19,146836
O02533,C062,P023,5,2026-08-19,14785
O02534,C037,P008,5,2026-08-19,157925
O02535,C049,P026,3,2026-08-19,28515
O02536,C038,P003,3,2026-08-19,147627
O02537,C045,P029,3,2026-08-19,28461
O02538,C028,P013,5,2026-08-19,312480
O02539,C072,P045,3,2026-08-19,166488
O02540,C014,P040,5,2026-08-19,40720
O02541,C032,P004,5,2026-08-19,348570
O02542,C082,P015,1,2026-08-19,69363
O02543,C053,P022,4,2026-08-19,34368
O02544,C088,P050,2,2026-08-19,4268
O02545,C071,P011,4,2026-08-19,255596
O02546,C062,P042,2,2026-08-19,65582
O02547,C042,P019,1,2026-08-19,57622
O02548,C084,P037,2,2026-08-19,93276
O02549,C095,P047,1,2026-08-19,32942
O02550,C054,P012,1,2026-08-19,16683
O02551,C064,P012,3,2026-08-19,50049
O02552,C002,P020,5,2026-08-19,296885
O02553,C043,P019,4,2026-08-19,230488
O02554,C068,P032,2,2026-08-19,35084
O02555,C060,P018,2,2026-08-19,104992
O02556,C043,P011,4,2026-08-19,255596
O02557,C092,P012,1,2026-08-19,16683
O02558,C038,P037,2,2026-08-19,93276
O02559,C079,P041,4,2026-08-19,178692
O02560,C066,P021,1,2026-08-19,32693
O02561,C086,P007,2,2026-08-19,95552
O02562,C062,P021,2,2026-08-19,65386
O02563,C034,P025,2,2026-08-19,58128
O02564,C097,P018,3,2026-08-19,157488
O02565,C075,P047,5,2026-08-19,164710
O02566,C034,P042,3,2026-08-19,98373
O02567,C008,P043,1,2026-08-19,25131
O02568,C040,P011,4,2026-08-19,255596
O02569,C091,P050,3,2026-08-19,6402
O02570,C082,P019,3,2026-08-19,172866
O02571,C029,P009,4,2026-08-19,127084
O02572,C059,P048,5,2026-08-19,291410
O02573,C054,P045,5,2026-08-19,277480
O02574,C097,P035,2,2026-08-19,50314
O02575,C088,P049,5,2026-08-19,65165
O02576,C068,P029,5,2026-08-19,47435
O02577,C010,P037,1,2026-08-19,46638
O02578,C071,P033,2,2026-08-19,124306
O02579,C020,P011,3,2026-08-19,191697
O02580,C057,P008,2,2026-08-19,63170
O02581,C012,P033,4,2026-08-19,248612
O02582,C059,P009,5,2026-08-19,158855
O02583,C059,P037,1,2026-08-19,46638
O02584,C060,P044,3,2026-08-19,177000
O02585,C051,P017,1,2026-08-19,26565
O02586,C075,P005,1,2026-08-19,42687
O02587,C045,P045,1,2026-08-19,55496
O02588,C008,P005,4,2026-08-19,170748
O02589,C037,P027,2,2026-08-19,60414
O02590,C099,P042,4,2026-08-19,131164
O02591,C049,P029,4,2026-08-19,37948
O02592,C011,P044,5,2026-08-19,295000
O02593,C084,P023,1,2026-08-19,2957
O02594,C069,P026,5,2026-08-19,47525
O02595,C094,P015,1,2026-08-19,69363
O02596,C039,P030,5,2026-08-19,156975
O02597,C069,P025,2,2026-08-19,58128
O02598,C059,P023,2,2026-08-19,5914
O02599,C025,P047,1,2026-08-19,32942
O02600,C085,P027,5,2026-08-19,151035
O02601,C031,P014,1,2026-08-19,21843
O02602,C077,P003,4,2026-08-19,196836
O02603,C032,P048,1,2026-08-19,58282
O02604,C057,P015,5,2026-08-19,346815
O02605,C097,P050,1,2026-08-19,2134
O02606,C065,P019,2,2026-08-19,115244
O02607,C074,P039,3,2026-08-19,21900
O02608,C039,P010,5,2026-08-19,52610
O02609,C053,P020,3,2026-08-19,178131
O02610,C072,P038,2,2026-08-19,108166
O02611,C072,P032,1,2026-08-19,17542
O02612,C083,P043,4,2026-08-19,100524
O02613,C041,P045,4,2026-08-19,221984
O02614,C020,P020,4,2026-08-19,237508
O02615,C097,P035,4,2026-08-19,100628
O02616,C029,P020,2,2026-08-19,118754
O02617,C008,P036,4,2026-08-19,51616
O02618,C072,P034,2,2026-08-19,124386
O02619,C032,P017,2,2026-08-19,53130
O02620,C083,P006,4,2026-08-19,11008
O02621,C012,P035,2,2026-08-19,50314
O02622,C035,P025,5,2026-08-19,145320
O02623,C010,P013,5,2026-08-19,312480
O02624,C028,P031,2,2026-08-19,127648
O02625,C039,P001,2,2026-08-19,133480
O02626,C095,P008,4,2026-08-19,126340
O02627,C090,P039,2,2026-08-19,14600
O02628,C031,P036,3,2026-08-19,38712
O02629,C049,P030,5,2026-08-19,156975
O02630,C040,P017,3,2026-08-19,79695
O02631,C064,P030,1,2026-08-19,31395
O02632,C098,P021,2,2026-08-19,65386
O02633,C041,P027,1,2026-08-19,30207
O02634,C095,P010,1,2026-08-19,10522
O02635,C071,P038,5,2026-08-19,270415
O02636,C038,P010,2,2026-08-19,21044
O02637,C030,P025,5,2026-08-19,145320
O02638,C064,P036,3,2026-08-19,38712
O02639,C098,P032,4,2026-08-19,70168
O02640,C022,P047,3,2026-08-19,98826
O02641,C018,P047,5,2026-08-19,164710
O02642,C024,P035,1,2026-08-19,25157
O02643,C005,P005,1,2026-08-19,42687
O02644,C053,P009,2,2026-08-19,63542
O02645,C091,P010,1,2026-08-19,10522
O02646,C065,P030,3,2026-08-19,94185
O02647,C080,P041,5,2026-08-19,223365
O02648,C085,P032,1,2026-08-19,17542
O02649,C069,P036,4,2026-08-19,51616
O02650,C003,P034,3,2026-08-19,186579
O02651,C037,P002,5,2026-08-19,131355
O02652,C023,P007,1,2026-08-19,47776
O02653,C020,P016,2,2026-08-19,111322
O02654,C033,P023,3,2026-08-19,8871
O02655,C011,P024,4,2026-08-19,121444
O02656,C073,P016,2,2026-08-19,111322
O02657,C088,P006,1,2026-08-19,2752
O02658,C052,P025,4,2026-08-19,116256
O02659,C061,P004,1,2026-08-19,69714
O02660,C011,P032,4,2026-08-19,70168
O02661,C073,P007,5,2026-08-19,238880
O02662,C030,P014,5,2026-08-19,109215
O02663,C035,P003,1,2026-08-19,49209
O02664,C070,P037,1,2026-08-19,46638
O02665,C041,P002,2,2026-08-19,52542
O02666,C097,P046,4,2026-08-19,146836
O02667,C039,P011,5,2026-08-19,319495
O02668,C073,P025,5,2026-08-19,145320
O02669,C050,P049,2,2026-08-19,26066
O02670,C065,P048,3,2026-08-19,174846
O02671,C013,P028,2,2026-08-19,8634
O02672,C044,P039,5,2026-08-19,36500
O02673,C100,P021,1,2026-08-19,32693
O02674,C058,P032,2,2026-08-19,35084
O02675,C071,P025,4,2026-08-19,116256
O02676,C088,P038,4,2026-08-19,216332
O02677,C099,P040,3,2026-08-19,24432
O02678,C092,P005,1,2026-08-19,42687
O02679,C020,P025,2,2026-08-19,58128
O02680,C041,P024,1,2026-08-19,30361
O02681,C001,P020,4,2026-08-19,237508
O02682,C098,P018,1,2026-08-19,52496
O02683,C012,P012,4,2026-08-19,66732
O02684,C072,P036,5,2026-08-19,64520
O02685,C014,P002,1,2026-08-19,26271
O02686,C071,P006,5,2026-08-19,13760
O02687,C050,P001,3,2026-08-19,200220
O02688,C050,P050,1,2026-08-19,2134
O02689,C032,P037,5,2026-08-19,233190
O02690,C088,P025,2,2026-08-19,58128
O02691,C035,P020,3,2026-08-19,178131
O02692,C019,P005,2,2026-08-19,85374
O02693,C036,P027,3,2026-08-19,90621
O02694,C010,P024,3,2026-08-19,91083
O02695,C093,P041,4,2026-08-19,178692
O02696,C059,P007,2,2026-08-19,95552
O02697,C001,P026,3,2026-08-19,28515
O02698,C043,P029,3,2026-08-19,28461
O02699,C084,P039,2,2026-08-19,14600
O02700,C042,P039,2,2026-08-19,14600
O02701,C041,P012,4,2026-08-19,66732
O02702,C038,P048,4,2026-08-19,233128
O02703,C042,P025,3,2026-08-19,87192
O02704,C047,P008,5,2026-08-19,157925
O02705,C076,P035,2,2026-08-19,50314
O02706,C004,P047,4,2026-08-19,131768
O02707,C057,P019,1,2026-08-19,57622
O02708,C087,P032,2,2026-08-19,35084
O02709,C031,P017,2,2026-08-19,53130
O02710,C049,P005,4,2026-08-19,170748
O02711,C075,P026,5,2026-08-19,47525
O02712,C089,P027,5,2026-08-19,151035
O02713,C047,P045,5,2026-08-19,277480
O02714,C014,P050,2,2026-08-19,4268
O02715,C022,P042,5,2026-08-19,163955
O02716,C073,P042,4,2026-08-19,131164
O02717,C056,P007,1,2026-08-19,47776
O02718,C034,P015,5,2026-08-19,346815
O02719,C072,P038,5,2026-08-19,270415
O02720,C058,P024,4,2026-08-19,121444
O02721,C099,P044,5,2026-08-19,295000
O02722,C020,P023,1,2026-08-19,2957
O02723,C014,P019,4,2026-08-19,230488
O02724,C015,P047,2,2026-08-19,65884
O02725,C040,P022,4,2026-08-19,34368
O02726,C067,P031,3,2026-08-19,191472
O02727,C013,P029,4,2026-08-19,37948
O02728,C009,P020,1,2026-08-19,59377
O02729,C003,P022,1,2026-08-19,8592
O02730,C095,P016,5,2026-08-19,278305
O02731,C071,P011,3,2026-08-19,191697
O02732,C055,P030,2,2026-08-19,62790
O02733,C081,P012,2,2026-08-19,33366
O02734,C051,P002,5,2026-08-19,131355
O02735,C058,P038,4,2026-08-19,216332
O02736,C001,P046,2,2026-08-19,73418
O02737,C036,P049,1,2026-08-19,13033
O02738,C069,P012,3,2026-08-19,50049
O02739,C026,P030,1,2026-08-19,31395
O02740,C086,P032,5,2026-08-19,87710
O02741,C077,P025,5,2026-08-19,145320
O02742,C076,P008,3,2026-08-19,94755
O02743,C059,P040,2,2026-08-19,16288
O02744,C079,P038,1,2026-08-19,54083
O02745,C041,P008,2,2026-08-19,63170
O02746,C015,P012,3,2026-08-19,50049
O02747,C066,P025,4,2026-08-19,116256
O02748,C074,P025,4,2026-08-19,116256
O02749,C063,P041,5,2026-08-19,223365
O02750,C072,P011,4,2026-08-19,255596
O02751,C018,P012,3,2026-08-19,50049
O02752,C080,P004,3,2026-08-19,209142
O02753,C063,P009,2,2026-08-19,63542
O02754,C072,P033,4,2026-08-19,248612
O02755,C088,P032,4,2026-08-19,70168
O02756,C063,P011,1,2026-08-19,63899
O02757,C098,P015,3,2026-08-19,208089
O02758,C036,P015,5,2026-08-19,346815
O02759,C022,P050,4,2026-08-19,8536
O02760,C071,P033,1,2026-08-19,62153
O02761,C035,P050,5,2026-08-19,10670
O02762,C070,P049,1,2026-08-19,13033
O02763,C070,P014,4,2026-08-19,87372
O02764,C095,P042,2,2026-08-19,65582
O02765,C005,P029,3,2026-08-19,28461
O02766,C012,P029,1,2026-08-19,9487
O02767,C027,P048,5,2026-08-19,291410
O02768,C091,P040,4,2026-08-19,32576
O02769,C079,P009,2,2026-08-19,63542
O02770,C008,P037,3,2026-08-19,139914
O02771,C036,P039,5,2026-08-19,36500
O02772,C042,P046,3,2026-08-19,110127
O02773,C074,P018,5,2026-08-19,262480
O02774,C018,P049,4,2026-08-19,52132
O02775,C036,P042,2,2026-08-19,65582
O02776,C032,P010,3,2026-08-19,31566
O02777,C098,P044,4,2026-08-19,236000
O02778,C019,P037,3,2026-08-19,139914
O02779,C049,P029,1,2026-08-19,9487
O02780,C052,P033,3,2026-08-19,186459
O02781,C059,P032,3,2026-08-19,52626
O02782,C100,P047,1,2026-08-19,32942
O02783,C082,P043,3,2026-08-19,75393
O02784,C069,P026,2,2026-08-19,19010
O02785,C028,P032,3,2026-08-19,52626
O02786,C037,P022,5,2026-08-19,42960
O02787,C073,P032,3,2026-08-19,52626
O02788,C006,P007,4,2026-08-19,191104
O02789,C016,P011,4,2026-08-19,255596
O02790,C001,P028,2,2026-08-19,8634
O02791,C084,P020,2,2026-08-19,118754
O02792,C012,P042,3,2026-08-19,98373
O02793,C011,P024,2,2026-08-19,60722
O02794,C051,P041,3,2026-08-19,134019
O02795,C055,P042,1,2026-08-19,32791
O02796,C001,P014,4,2026-08-19,87372
O02797,C017,P038,2,2026-08-19,108166
O02798,C088,P029,1,2026-08-19,9487
O02799,C090,P022,1,2026-08-19,8592
O02800,C089,P009,4,2026-08-19,127084
O02801,C030,P025,1,2026-08-19,29064
O02802,C014,P021,3,2026-08-19,98079
O02803,C018,P025,2,2026-08-19,58128
O02804,C009,P034,5,2026-08-19,310965
O02805,C079,P042,2,2026-08-19,65582
O02806,C045,P047,2,2026-08-19,65884
O02807,C053,P040,4,2026-08-19,32576
O02808,C012,P007,2,2026-08-19,95552
O02809,C076,P047,4,2026-08-19,131768
O02810,C055,P021,2,2026-08-19,65386
O02811,C036,P042,1,2026-08-19,32791
O02812,C071,P039,5,2026-08-19,36500
O02813,C100,P045,1,2026-08-19,55496
O02814,C027,P034,5,2026-08-19,310965
O02815,C025,P048,4,2026-08-19,233128
O02816,C083,P004,2,2026-08-19,139428
O02817,C050,P008,2,2026-08-19,63170
O02818,C082,P039,1,2026-08-19,7300
O02819,C002,P024,3,2026-08-19,91083
O02820,C050,P037,4,2026-08-19,186552
O02821,C070,P044,2,2026-08-19,118000
O02822,C099,P005,1,2026-08-19,42687
O02823,C002,P017,2,2026-08-19,53130
O02824,C008,P026,5,2026-08-19,47525
O02825,C081,P046,5,2026-08-19,183545
O02826,C055,P045,4,2026-08-19,221984
O02827,C082,P035,5,2026-08-19,125785
O02828,C036,P006,3,2026-08-19,8256
O02829,C066,P014,2,2026-08-19,43686
O02830,C042,P026,5,2026-08-19,47525
O02831,C040,P045,4,2026-08-19,221984
O02832,C008,P016,1,2026-08-19,55661
O02833,C015,P030,5,2026-08-19,156975
O02834,C040,P043,2,2026-08-19,50262
O02835,C002,P046,2,2026-08-19,73418
O02836,C021,P032,3,2026-08-19,52626
O02837,C067,P047,3,2026-08-19,98826
O02838,C048,P009,3,2026-08-19,95313
O02839,C099,P002,3,2026-08-19,78813
O02840,C035,P034,1,2026-08-19,62193
O02841,C092,P037,1,2026-08-19,46638
O02842,C059,P033,3,2026-08-19,186459
O02843,C064,P037,2,2026-08-19,93276
O02844,C021,P017,1,2026-08-19,26565
O02845,C030,P048,5,2026-08-19,291410
O02846,C006,P001,2,2026-08-19,133480
O02847,C061,P024,4,2026-08-19,121444
O02848,C023,P003,5,2026-08-19,246045
O02849,C029,P021,2,2026-08-19,65386
O02850,C093,P021,3,2026-08-19,98079
O02851,C074,P024,1,2026-08-19,30361
O02852,C087,P004,2,2026-08-19,139428
O02853,C067,P003,4,2026-08-19,196836
O02854,C060,P019,3,2026-08-19,172866
O02855,C012,P036,4,2026-08-19,51616
O02856,C048,P013,3,2026-08-19,187488
O02857,C095,P040,2,2026-08-19,16288
O02858,C048,P038,4,2026-08-19,216332
O02859,C094,P035,2,2026-08-19,50314
O02860,C001,P027,1,2026-08-19,30207
O02861,C070,P023,1,2026-08-19,2957
O02862,C001,P049,4,2026-08-19,52132
O02863,C014,P014,5,2026-08-19,109215
O02864,C054,P032,1,2026-08-19,17542
O02865,C092,P018,1,2026-08-19,52496
O02866,C030,P034,4,2026-08-19,248772
O02867,C059,P048,1,2026-08-19,58282
O02868,C065,P009,4,2026-08-19,127084
O02869,C076,P037,1,2026-08-19,46638
O02870,C085,P009,2,2026-08-19,63542
O02871,C034,P021,4,2026-08-19,130772
O02872,C041,P029,3,2026-08-19,28461
O02873,C010,P013,2,2026-08-19,124992
O02874,C020,P007,2,2026-08-19,95552
O02875,C060,P021,4,2026-08-19,130772
O02876,C069,P023,2,2026-08-19,5914
O02877,C040,P030,3,2026-08-19,94185
O02878,C012,P011,3,2026-08-19,191697
O02879,C028,P021,2,2026-08-19,65386
O02880,C092,P016,3,2026-08-19,166983
O02881,C066,P004,3,2026-08-19,209142
O02882,C023,P002,4,2026-08-19,105084
O02883,C072,P048,5,2026-08-19,291410
O02884,C013,P030,1,2026-08-19,31395
O02885,C016,P001,1,2026-08-19,66740
O02886,C017,P013,4,2026-08-19,249984
O02887,C088,P041,1,2026-08-19,44673
O02888,C010,P002,1,2026-08-19,26271
O02889,C083,P029,2,2026-08-19,18974
O02890,C043,P008,1,2026-08-19,31585
O02891,C007,P011,5,2026-08-19,319495
O02892,C093,P026,4,2026-08-19,38020
O02893,C049,P044,4,2026-08-19,236000
O02894,C046,P014,2,2026-08-19,43686
O02895,C036,P029,2,2026-08-19,18974
O02896,C079,P040,5,2026-08-19,40720
O02897,C083,P019,4,2026-08-19,230488
O02898,C071,P031,1,2026-08-19,63824
O02899,C036,P025,2,2026-08-19,58128
O02900,C026,P042,5,2026-08-19,163955
O02901,C081,P035,1,2026-08-19,25157
O02902,C092,P023,4,2026-08-19,11828
O02903,C063,P023,5,2026-08-19,14785
O02904,C042,P025,3,2026-08-19,87192
O02905,C004,P021,5,2026-08-19,163465
O02906,C004,P050,3,2026-08-19,6402
O02907,C061,P034,3,2026-08-19,186579
O02908,C021,P007,2,2026-08-19,95552
O02909,C035,P035,1,2026-08-19,25157
O02910,C074,P025,3,2026-08-19,87192
O02911,C023,P016,5,2026-08-19,278305
O02912,C095,P045,3,2026-08-19,166488
O02913,C091,P045,3,2026-08-19,166488
O02914,C073,P013,4,2026-08-19,249984
O02915,C040,P012,4,2026-08-19,66732
O02916,C012,P004,2,2026-08-19,139428
O02917,C003,P034,4,2026-08-19,248772
O02918,C043,P040,2,2026-08-19,16288
O02919,C044,P046,2,2026-08-19,73418
O02920,C008,P002,2,2026-08-19,52542
O02921,C100,P008,5,2026-08-19,157925
O02922,C010,P024,4,2026-08-19,121444
O02923,C044,P020,3,2026-08-19,178131
O02924,C021,P047,4,2026-08-19,131768
O02925,C084,P021,2,2026-08-19,65386
O02926,C089,P040,3,2026-08-19,24432
O02927,C086,P038,2,2026-08-19,108166
O02928,C040,P047,3,2026-08-19,98826
O02929,C023,P047,1,2026-08-19,32942
O02930,C099,P037,1,2026-08-19,46638
O02931,C078,P021,5,2026-08-19,163465
O02932,C082,P037,1,2026-08-19,46638
O02933,C019,P022,1,2026-08-19,8592
O02934,C045,P021,2,2026-08-19,65386
O02935,C091,P043,3,2026-08-19,75393
O02936,C002,P017,2,2026-08-19,53130
O02937,C089,P005,3,2026-08-19,128061
O02938,C014,P047,1,2026-08-19,32942
O02939,C050,P029,4,2026-08-19,37948
O02940,C053,P032,4,2026-08-19,70168
O02941,C070,P025,1,2026-08-19,29064
O02942,C074,P042,2,2026-08-19,65582
O02943,C058,P005,1,2026-08-19,42687
O02944,C003,P021,3,2026-08-19,98079
O02945,C010,P022,2,2026-08-19,17184
O02946,C021,P047,1,2026-08-19,32942
O02947,C012,P022,5,2026-08-19,42960
O02948,C091,P002,4,2026-08-19,105084
O02949,C078,P028,2,2026-08-19,8634
O02950,C013,P022,2,2026-08-19,17184
O02951,C053,P045,5,2026-08-19,277480
O02952,C034,P043,3,2026-08-19,75393
O02953,C031,P007,1,2026-08-19,47776
O02954,C074,P036,4,2026-08-19,51616
O02955,C007,P024,1,2026-08-19,30361
O02956,C012,P019,5,2026-08-19,288110
O02957,C026,P007,1,2026-08-19,47776
O02958,C022,P041,3,2026-08-19,134019
O02959,C061,P008,3,2026-08-19,94755
O02960,C061,P032,3,2026-08-19,52626
O02961,C083,P035,4,2026-08-19,100628
O02962,C048,P025,3,2026-08-19,87192
O02963,C058,P003,3,2026-08-19,147627
O02964,C060,P017,2,2026-08-19,53130
O02965,C073,P004,2,2026-08-19,139428
O02966,C011,P043,3,2026-08-19,75393
O02967,C053,P049,5,2026-08-19,65165
O02968,C071,P004,4,2026-08-19,278856
O02969,C054,P035,4,2026-08-19,100628
O02970,C061,P020,1,2026-08-19,59377
O02971,C092,P003,5,2026-08-19,246045
O02972,C074,P044,5,2026-08-19,295000
O02973,C016,P049,4,2026-08-19,52132
O02974,C022,P014,2,2026-08-19,43686
O02975,C006,P028,1,2026-08-19,4317
O02976,C026,P041,2,2026-08-19,89346
O02977,C041,P047,1,2026-08-19,32942
O02978,C050,P036,4,2026-08-19,51616
O02979,C042,P018,5,2026-08-19,262480
O02980,C002,P045,5,2026-08-19,277480
O02981,C054,P008,4,2026-08-19,126340
O02982,C019,P037,5,2026-08-19,233190
O02983,C014,P037,1,2026-08-19,46638
O02984,C069,P023,4,2026-08-19,11828
O02985,C050,P042,4,2026-08-19,131164
O02986,C005,P012,3,2026-08-19,50049
O02987,C019,P040,5,2026-08-19,40720
O02988,C005,P026,3,2026-08-19,28515
O02989,C007,P048,4,2026-08-19,233128
O02990,C048,P002,3,2026-08-19,78813
O02991,C040,P018,4,2026-08-19,209984
O02992,C030,P009,3,2026-08-19,95313
O02993,C100,P021,3,2026-08-19,98079
O02994,C078,P042,1,2026-08-19,32791
O02995,C057,P014,4,2026-08-19,87372
O02996,C098,P034,3,2026-08-19,186579
O02997,C066,P011,1,2026-08-19,63899
O02998,C091,P033,4,2026-08-19,248612
O02999,C100,P034,5,2026-08-19,310965
O03000,C023,P013,2,2026-08-19,124992
